Dataset_Type,True_Energetic_Span_eV,Predicted_Energetic_Span_eV
Train,3.3461,3.2991266
Train,6.5963,6.303761
Train,1.7495,1.7404377
Train,15.3087,15.397585
Train,1.719,1.6522657
Train,1.9495,1.93062
Train,0.719,0.6978218
Train,4.1058,4.0416903
Train,10.4908,10.284109
Train,2.1855,2.1765082
Train,2.1855,2.1448944
Train,1.2129,1.0918036
Train,5.3044,5.303604
Train,1.4768,1.4570975
Train,1.7876,1.6766089
Train,1.4768,1.446869
Train,0.219,0.19517484
Train,5.5643,5.3538065
Train,2.119,2.1293685
Train,17.6718,17.51709
Train,17.2867,17.398247
Train,1.0495,1.0242351
Train,4.5266,4.345536
Train,1.1495,1.1254216
Train,0.96,0.9440926
Train,10.85,10.802436
Train,0.96,0.9381271
Train,17.0685,17.174065
Train,1.4768,1.4421165
Train,1.4768,1.4617274
Train,1.8495,1.8038489
Train,3.7304,3.5999634
Train,1.1495,1.1314993
Train,1.4768,1.451682
Train,3.5439,3.4825032
Train,8.6908,8.481062
Train,10.4269,10.452978
Train,0.9495,0.93147975
Train,20.0904,20.131516
Train,1.819,1.771156
Train,2.319,2.3011036
Train,2.1495,2.1179314
Train,3.8058,3.7780783
Train,2.8169,2.8606255
Train,5.3508,5.232801
Train,2.019,2.2280667
Train,1.219,1.1867672
Train,11.8731,11.65342
Train,9.5606,9.516716
Train,1.4768,1.454449
Train,7.4869,7.3876166
Train,5.573,5.5194755
Train,7.1508,7.053459
Train,8.7643,8.714847
Train,13.5645,13.431637
Train,13.1395,13.401471
Train,0.96,0.94692665
Train,20.3087,20.271515
Train,1.7963,1.8026637
Train,11.613,11.638728
Train,13.6761,13.6292515
Train,5.4861,5.4133444
Train,6.8608,6.827425
Train,14.3131,14.303568
Train,1.4768,1.4336551
Train,0.96,0.9622603
Train,8.9462,9.071074
Train,6.2559,6.2619243
Train,2.319,2.3263206
Train,4.7643,4.5027905
Train,1.4768,1.4411461
Train,1.4768,1.4515561
Train,1.8867,1.8752093
Train,0.96,0.96423274
Train,1.4768,1.4547635
Train,2.9035,2.8271642
Train,2.219,2.1248093
Train,1.5855,1.5381663
Train,0.419,0.41430974
Train,1.4768,1.4615256
Train,0.96,0.9483959
Train,0.919,0.88137835
Train,10.0499,9.807304
Train,2.965,2.9070916
Train,1.4768,1.4504459
Train,2.6439,2.4084983
Train,2.319,2.2892885
Train,1.819,1.8173658
Train,0.96,0.946045
Train,12.2908,12.2469
Train,1.4768,1.4521202
Train,2.2495,2.2322617
Train,2.0855,2.1410456
Train,4.6169,4.5830846
Train,1.0495,1.048096
Train,1.719,1.8316748
Train,3.7782,3.5720267
Train,1.819,1.8748384
Train,2.2855,2.3901458
Train,0.519,0.48177105
Train,2.9688,2.9141066
Train,1.419,1.4213283
Train,11.3608,11.745724
Train,1.8867,1.9140117
Train,19.3088,19.18887
Train,9.3044,9.294685
Train,1.619,1.6084211
Train,2.1495,2.1206431
Train,1.4768,1.4709139
Train,2.9058,2.8494039
Train,12.551,12.440177
Train,1.4768,1.4341096
Train,1.119,1.1167856
Train,7.1131,7.0478296
Train,5.8362,5.90956
Train,0.419,0.4167427
Train,13.7461,13.6946
Train,20.3088,20.16904
Train,12.6001,12.677982
Train,4.7645,4.948121
Train,1.8495,1.8256595
Train,1.919,1.9835212
Train,0.96,0.93885714
Train,2.0495,2.0268095
Train,19.3088,19.29631
Train,14.3091,14.392957
Train,1.219,1.1895078
Train,13.3995,13.572748
Train,17.1002,17.046589
Train,15.2869,15.552187
Train,14.3511,14.369272
Train,18.2867,18.423302
Train,2.2495,2.2297792
Train,1.119,1.0666547
Train,6.2508,6.042169
Train,2.019,1.98523
Train,1.4768,1.466382
Train,4.2521,4.0147448
Train,17.5361,17.372541
Train,2.9034,2.8271642
Train,0.96,0.94788677
Train,16.1509,16.189613
Train,0.96,0.9266003
Train,2.019,2.0205367
Train,2.9304,2.7532415
Train,20.3087,20.406204
Train,2.219,2.1110928
Train,2.019,2.2332654
Train,1.719,1.690057
Train,2.019,1.9477115
Train,0.9495,0.91827184
Train,0.96,0.94439715
Train,4.4058,4.4231143
Train,2.219,2.1379957
Train,10.7509,10.706884
Train,1.4768,1.458672
Train,0.96,0.9577016
Train,1.119,1.0760801
Train,9.2741,9.155009
Train,6.2058,6.1225977
Train,17.3091,17.321077
Train,1.6855,1.6820872
Train,10.7508,10.565207
Train,1.1495,1.1379294
Train,4.5526,4.241113
Train,15.4732,15.556189
Train,18.2866,18.35302
Train,2.2855,2.351201
Train,2.319,2.3786707
Train,1.6855,1.7121304
Train,13.2866,13.288327
Train,6.891,6.8881197
Train,5.3995,5.1844234
Train,4.2256,4.2536273
Train,4.9526,4.639384
Train,2.9304,2.7935126
Train,2.9058,2.8883314
Train,0.96,0.9261182
Train,1.219,1.1889381
Train,1.019,0.9800996
Train,4.9256,4.8835435
Train,15.1645,15.264376
Train,1.478,1.4865438
Train,4.7645,4.8806143
Train,1.019,1.0180788
Train,8.3396,8.236283
Train,5.7526,5.692446
Train,1.4867,1.5141482
Train,9.0869,8.9686575
Train,18.2866,18.287312
Train,8.0508,7.935065
Train,1.219,1.2653002
Train,1.7855,1.7663004
Train,1.4768,1.4715409
Train,7.113,7.0987725
Train,16.2,16.41353
Train,3.9643,3.696469
Train,7.1511,7.281618
Train,0.96,0.9359874
Train,0.96,0.9165352
Train,1.119,1.1050106
Train,0.96,0.9503457
Train,1.0495,1.0352647
Train,1.119,1.0834143
Train,2.3963,2.319039
Train,2.019,1.9060575
Train,1.4768,1.4554011
Train,4.1526,3.9609637
Train,2.119,2.0171676
Train,11.5856,11.55246
Train,1.4768,1.5225483
Train,18.672,18.520365
Train,1.3495,1.3125569
Train,0.96,0.90004796
Train,14.0673,14.193237
Train,9.9093,9.903372
Train,0.96,0.96137565
Train,1.219,1.200038
Train,8.5362,8.615175
Train,3.8058,3.8823588
Train,14.8362,14.966002
Train,4.5526,4.3139324
Train,1.8495,1.8414836
Train,3.5439,3.428153
Train,1.3129,1.1786015
Train,1.2495,1.2330091
Train,2.6495,2.646894
Train,4.9461,4.7650495
Train,3.3462,3.5048618
Train,1.4768,1.4397068
Train,11.5395,11.660656
Train,1.4768,1.4891617
Train,4.451,4.2291465
Train,18.0684,18.01068
Train,12.773,12.792135
Train,15.2866,15.374847
Train,0.96,0.9372918
Train,1.519,1.5081851
Train,8.5043,8.388535
Train,8.5361,8.524795
Train,1.478,1.4324929
Train,2.6495,2.7016973
Train,2.3336,2.3477554
Train,6.3256,6.2847977
Train,11.651,11.732423
Train,8.5995,8.511895
Train,5.9908,5.8920913
Train,9.7899,9.819521
Train,4.2782,4.2032623
Train,12.4499,12.509327
Train,1.919,1.885183
Train,17.2043,17.447197
Train,15.3088,15.280349
Train,12.6004,12.681163
Train,1.819,1.9638455
Train,3.2058,3.2040129
Train,3.6423,3.852704
Train,17.1,16.984343
Train,17.0683,17.140234
Train,1.519,1.4974039
Train,12.6,12.53512
Train,4.6633,4.596356
Train,2.619,2.8669598
Train,4.0169,3.9039552
Train,0.96,0.94266266
Train,1.4768,1.4554663
Train,4.1461,3.9425473
Train,2.119,2.0297854
Train,2.4495,2.3974175
Train,1.319,1.2663717
Train,5.3058,5.2432513
Train,0.619,0.5895301
Train,1.619,1.6127688
Train,6.213,6.314822
Train,5.0058,4.995992
Train,1.419,1.3989608
Train,12.1461,12.062413
Train,1.4495,1.4137341
Train,2.5495,2.547911
Train,1.119,1.0875707
Train,13.2866,13.226259
Train,8.4743,8.479313
Train,1.4876,1.4903694
Train,1.619,1.5143775
Train,12.6001,12.712893
Train,1.4768,1.4566227
Train,15.3001,15.393595
Train,6.546,6.453906
Train,12.7761,12.723288
Train,0.96,0.9309793
Train,2.365,2.4259477
Train,20.3089,20.222485
Train,6.9043,6.887923
Train,2.619,2.8473659
Train,6.3645,6.289053
Train,4.0169,3.9031363
Train,7.0559,7.0751853
Train,10.9044,10.921011
Train,2.0855,2.090817
Train,0.96,0.8923066
Train,0.96,0.95399314
Train,10.3361,10.157206
Train,1.719,1.6740146
Train,15.3001,15.439985
Train,1.1495,1.1445591
Train,1.5876,1.5104578
Train,0.619,0.58479625
Train,1.619,1.638108
Train,0.519,0.523781
Train,8.3093,8.297447
Train,13.413,13.522524
Train,1.4768,1.4809439
Train,2.2855,2.3512194
Train,1.1495,1.1265334
Train,16.5226,16.57648
Train,3.5058,3.441702
Train,12.0223,12.040752
Train,7.7608,8.1247635
Train,1.4768,1.436112
Train,2.6495,2.665795
Train,2.019,2.011349
Train,1.9495,1.9295454
Train,19.4535,19.27636
Train,12.773,12.783402
Train,8.0269,7.989922
Train,2.6495,2.6468313
Train,0.96,0.94908315
Train,1.8495,1.8273382
Train,0.96,0.93164414
Train,13.2867,13.318583
Train,1.419,1.3548226
Train,5.3043,5.0757194
Train,0.96,0.96343845
Train,1.4768,1.4887447
Train,17.1001,17.447897
Train,1.7495,1.7469561
Train,10.5461,10.441471
Train,1.4876,1.5072255
Train,4.5526,4.2710037
Train,10.4909,10.517244
Train,8.9597,8.851877
Train,1.478,1.4674419
Train,4.1908,4.1107664
Train,1.4768,1.4635044
Train,10.7509,10.63562
Train,11.873,11.849557
Train,0.96,0.96379155
Train,0.96,0.9369624
Train,13.2867,13.331157
Train,3.3304,3.0878565
Train,15.251,15.401215
Train,2.519,2.5771866
Train,9.1761,9.162771
Train,5.8004,5.792897
Train,10.546,10.441471
Train,1.4768,1.4315225
Train,6.2509,6.052385
Train,18.3087,18.425179
Train,1.0495,1.0358474
Train,7.3731,7.242839
Train,10.3645,10.35701
Train,9.3043,9.209815
Train,0.96,0.9495942
Train,1.719,1.7014716
Train,0.919,0.87038416
Train,7.4868,7.3876166
Train,1.019,1.0048896
Train,1.4768,1.430786
Train,1.9855,1.9867499
Train,1.4768,1.4677696
Train,5.0909,4.960484
Train,8.2733,8.379723
Train,14.2866,14.314873
Train,6.5597,6.5774736
Train,3.6035,3.4748816
Train,1.6495,1.64182
Train,1.5876,1.5005978
Train,0.119,0.15665346
Train,11.9643,11.9589405
Train,6.8909,6.8877683
Train,1.4768,1.4408987
Train,5.313,5.541238
Train,1.4768,1.474202
Train,7.7909,7.797067
Train,11.6499,11.42918
Train,2.7963,2.5835133
Train,2.5322,2.630008
Train,9.5909,9.568218
Train,7.5093,7.4698644
Train,1.819,1.754061
Train,5.5645,5.641632
Train,2.3495,2.2987075
Train,16.1509,16.175817
Train,16.2866,16.300467
Train,3.7526,3.5119298
Train,2.019,2.0129294
Train,2.3336,2.4388504
Train,1.4855,1.4754227
Train,5.0058,4.9903073
Train,9.8869,9.943608
Train,4.1633,4.1896634
Train,0.519,0.50309265
Train,1.219,1.1929487
Train,13.4509,13.3614025
Train,2.0855,2.0713665
Train,12.2909,12.335009
Train,2.4495,2.4143791
Train,1.7495,1.7284616
Train,5.0868,5.1333947
Train,1.4768,1.4618412
Train,2.1963,2.088398
Train,1.4768,1.4525677
Train,0.219,0.20427936
Train,1.4495,1.4435587
Train,2.019,1.8564651
Train,3.7526,3.6084476
Train,2.1304,2.3606818
Train,1.7495,1.7284514
Train,1.6855,1.6789347
Train,8.6608,8.611786
Train,10.1043,10.023981
Train,10.973,10.938441
Train,1.478,1.449336
Train,13.4508,13.262497
Train,1.519,1.5160986
Train,7.7608,7.700588
Train,2.6495,2.6553879
Train,2.5495,2.5849237
Train,2.5495,2.502752
Train,2.9304,2.752521
Train,1.119,1.1673028
Train,18.2869,18.348005
Train,19.672,19.556341
Train,17.2731,17.212502
Train,9.5608,9.534777
Train,0.819,0.76442534
Train,1.4495,1.4223657
Train,11.6131,11.567131
Train,12.6001,12.691029
Train,0.96,0.9441764
Train,13.4509,13.347193
Train,9.7858,9.703496
Train,2.6495,2.6449926
Train,1.1495,1.1300174
Train,2.1963,2.0923593
Train,2.0495,2.0140016
Train,1.519,1.6175196
Train,2.319,2.3659244
Train,1.719,1.7049949
Train,7.3899,7.4413404
Train,2.4495,2.4457595
Train,1.219,1.1946465
Train,1.5495,1.5225077
Train,1.019,0.9759911
Train,2.5963,2.4762747
Train,9.813,9.891781
Train,8.146,8.036144
Train,10.7395,10.827562
Train,15.2509,15.216858
Train,20.3089,20.26067
Train,2.419,2.342711
Train,1.4768,1.4616139
Train,0.619,0.60059613
Train,2.319,2.251708
Train,2.0867,2.0506566
Train,1.319,1.2748071
Train,11.613,11.695789
Train,0.96,0.9294018
Train,3.2058,3.1266701
Train,19.4536,19.465311
Train,18.1731,18.076008
Train,13.604,13.829464
Train,1.419,1.349982
Train,0.96,0.94344527
Train,1.4768,1.4648654
Train,0.419,0.37725633
Train,1.6867,1.7071857
Train,1.119,1.0883416
Train,4.7058,4.695354
Train,1.6495,1.6297034
Train,2.643,2.6117833
Train,2.6439,2.4026887
Train,9.8511,9.993624
Train,1.7855,1.7435604
Train,1.9495,1.9051698
Train,2.0855,2.1106265
Train,1.619,1.6346412
Train,4.4058,4.3479333
Train,1.519,1.565476
Train,14.4001,14.475151
Train,2.019,1.8817172
Train,9.8509,9.845216
Train,4.1633,4.1671166
Train,12.1361,12.186025
Train,5.091,5.0340376
Train,3.5508,3.4185772
Train,9.1459,9.092786
Train,0.96,0.9617298
Train,6.251,6.052385
Train,12.5511,12.59724
Train,1.4768,1.432021
Train,18.4535,18.52821
Train,8.5044,8.472263
Train,5.9058,5.8334603
Train,13.5001,13.62485
Train,1.4768,1.4712677
Train,1.7495,1.7166657
Train,1.719,1.6298352
Train,2.9418,3.076713
Train,1.4768,1.443806
Train,19.0905,19.00845
Train,9.7461,9.634304
Train,0.219,0.17608914
Train,8.9511,9.085719
Train,14.672,14.692125
Train,10.4909,10.450161
Train,14.573,14.58317
Train,1.4768,1.4422069
Train,1.319,1.2570243
Train,12.513,12.607946
Train,2.5495,2.5200105
Train,3.8418,4.305322
Train,6.5899,6.7144127
Train,15.6818,15.505499
Train,7.1866,7.0776052
Train,1.5495,1.5525829
Train,5.9909,5.9086227
Train,2.1495,2.1164913
Train,4.6559,4.631723
Train,0.96,0.9485006
Train,18.2869,18.522736
Train,0.96,0.94324046
Train,3.2418,3.3891373
Train,0.219,0.1671344
Train,18.6718,18.544617
Train,5.351,5.172578
Train,1.3495,1.3109822
Train,11.3909,11.320491
Train,1.919,1.9550166
Train,10.713,10.737054
Train,8.1462,8.282521
Train,3.8058,3.7437541
Train,1.4768,1.4511199
Train,13.2866,13.2850895
Train,2.1855,2.2084455
Train,2.1963,2.1587996
Train,2.219,2.1447635
Train,1.7855,1.7387059
Train,1.019,1.0142763
Train,1.9855,1.9483202
Train,13.2866,13.331157
Train,1.919,1.8040831
Train,2.4495,2.437907
Train,1.9867,1.9385476
Train,2.9418,3.1148624
Train,1.019,1.0732365
Train,13.413,13.459021
Train,1.478,1.4518566
Train,2.2867,2.2575502
Train,11.4869,11.600319
Train,4.1526,3.8793163
Train,1.219,1.2146842
Train,7.373,7.427648
Train,0.96,0.93511647
Train,7.7908,7.5969043
Train,1.419,1.4595137
Train,1.619,1.7378335
Train,13.4508,13.3614025
Train,2.2855,2.3030572
Train,6.7361,6.513419
Train,2.2855,2.3364725
Train,11.1223,11.09204
Train,15.2508,15.159479
Train,16.2865,16.373032
Train,1.4768,1.4421995
Train,3.5058,3.4435549
Train,7.5395,7.4267163
Train,1.4768,1.4340719
Train,1.4768,1.4389069
Train,1.4768,1.442271
Train,6.8909,6.790763
Train,8.883,8.88089
Train,1.8495,1.8524444
Train,2.219,2.2752478
Train,18.2865,18.35302
Train,12.2908,12.265535
Train,1.4768,1.4991621
Train,7.1508,7.0625343
Train,13.383,13.430976
Train,17.5361,17.556774
Train,1.319,1.3702325
Train,2.019,1.9006256
Train,0.96,0.9576424
Train,8.4741,8.376948
Train,10.491,10.54553
Train,6.9044,6.929164
Train,3.2418,3.388471
Train,1.219,1.1693139
Train,1.519,1.4204187
Train,1.1495,1.1197686
Train,0.96,0.94871455
Train,19.3089,19.249496
Train,2.119,2.0807683
Train,1.119,1.1673028
Train,1.4768,1.466249
Train,2.019,2.008841
Train,1.2495,1.2462506
Train,17.0683,17.063349
Train,4.6169,4.5994616
Train,10.683,10.593376
Train,7.7909,7.6844482
Train,0.96,0.94506556
Train,1.319,1.185297
Train,1.719,1.6522657
Train,11.2268,11.2530155
Train,14.6869,14.860374
Train,1.478,1.4995219
Train,2.3867,2.4684417
Train,1.719,1.8501333
Train,1.119,1.143723
Train,2.6418,2.6375802
Train,10.3645,10.19239
Train,0.96,0.9373066
Train,10.7511,10.864346
Train,14.4001,14.544159
Train,2.019,1.9749548
Train,18.4535,18.306656
Train,8.951,8.974067
Train,0.96,0.92685586
Train,15.2509,15.245986
Train,1.4768,1.4584892
Train,14.2866,14.228634
Train,4.7058,4.6840954
Train,1.8855,1.8145889
Train,18.0682,17.971684
Train,1.4768,1.471093
Train,2.319,2.2408085
Train,1.5495,1.5246292
Train,6.8909,6.837959
Train,1.4768,1.4444329
Train,13.5001,13.65159
Train,5.3058,5.243774
Train,1.819,1.7950834
Train,0.96,0.9532859
Train,3.5511,3.6466804
Train,0.96,0.94052
Train,16.2866,16.373032
Train,1.4768,1.4549015
Train,14.2865,14.155994
Train,2.119,2.2593706
Train,1.0495,1.030022
Train,7.791,7.827401
Train,2.9418,3.0583823
Train,1.4768,1.459713
Train,1.4768,1.4458292
Train,18.1733,18.231905
Train,1.819,1.6955181
Train,2.2495,2.1790016
Train,1.2495,1.2204885
Train,0.96,0.9358911
Train,7.113,7.109121
Train,1.4768,1.4612916
Train,2.3439,2.1959455
Train,1.419,1.4924097
Train,1.4768,1.4465264
Train,10.9044,10.949169
Train,1.4768,1.4360386
Train,1.519,1.5252278
Train,15.6226,15.630545
Train,11.7043,11.649408
Train,1.519,1.6130956
Train,13.5643,13.533487
Train,7.7909,7.766729
Train,1.2495,1.2394147
Train,11.873,11.865355
Train,3.2058,3.1318138
Train,8.951,8.893977
Train,1.4768,1.443516
Train,0.819,0.82076097
Train,14.2867,14.363022
Train,1.4768,1.4224408
Train,8.6606,8.614723
Train,1.4768,1.4568498
Train,11.3461,11.450613
Train,1.4768,1.455168
Train,1.4768,1.4631628
Train,1.4855,1.4612392
Train,1.4768,1.4538105
Train,1.319,1.294699
Train,5.0909,4.991814
Train,1.2495,1.2243243
Train,19.3087,19.32294
Train,6.4732,6.512111
Train,11.3909,11.309689
Train,2.2495,2.2229555
Train,3.7688,3.5835278
Train,2.2331,2.368204
Train,10.9043,11.013675
Train,1.4768,1.4217515
Train,5.3509,5.172578
Train,5.2741,5.3166075
Train,0.96,0.9583034
Train,1.4768,1.4907001
Train,1.719,1.6608444
Train,16.3088,16.174065
Train,1.619,1.514097
Train,0.419,0.39617267
Train,20.0907,20.119686
Train,1.919,1.8743839
Train,1.4768,1.4546915
Train,15.3089,15.286037
Train,0.219,0.17730862
Train,0.119,0.10426036
Train,4.6169,4.630207
Train,1.1495,1.140384
Train,9.173,9.167122
Train,0.96,0.92829126
Train,9.5909,9.619039
Train,5.6058,5.543039
Train,2.019,1.926516
Train,1.019,1.0162394
Train,0.96,0.9333276
Train,0.96,0.956086
Train,17.2866,17.298813
Train,3.2439,3.1437864
Train,7.113,7.1752796
Train,4.451,4.332783
Train,1.119,1.135453
Train,1.019,1.0105128
Train,1.419,1.4727587
Train,11.6509,11.569641
Train,17.0682,17.140234
Train,11.9866,11.836291
Train,1.019,0.9912161
Train,0.96,0.945018
Train,2.9963,2.8145087
Train,9.5866,9.68589
Train,1.419,1.4013088
Train,1.219,1.1929487
Train,0.419,0.37302494
Train,4.1058,4.10458
Train,1.719,1.6884304
Train,9.1396,9.051989
Train,1.4768,1.471295
Train,6.6869,6.6365914
Train,11.8459,11.832509
Train,6.2903,6.313933
Train,2.1304,2.3196993
Train,1.4768,1.4540293
Train,1.219,1.2155666
Train,2.519,2.5106025
Train,1.4768,1.434098
Train,12.9226,12.953789
Train,1.2495,1.247057
Train,1.8855,1.8934586
Train,10.0731,9.905115
Train,1.419,1.4042158
Train,2.0495,2.0681405
Train,14.3508,14.177372
Train,1.4768,1.461014
Train,15.2866,15.266652
Train,3.3526,3.1080675
Train,1.4768,1.4661611
Train,2.9058,2.9265318
Train,1.919,1.8158982
Train,0.96,0.9378813
Train,18.2866,18.423302
Train,1.819,1.7161919
Train,4.2256,4.267568
Train,2.219,2.2505443
Train,2.219,2.1338425
Train,7.3461,7.254832
Train,12.7643,12.757035
Train,2.2495,2.185137
Train,12.5508,12.436201
Train,2.0855,2.0181847
Train,4.8521,4.65649
Train,1.119,1.0801499
Train,17.2867,17.322151
Train,8.2731,8.14933
Train,1.8495,1.8206966
Train,1.7963,1.8452227
Train,0.96,0.9544081
Train,6.5461,6.589041
Train,0.96,0.85866416
Train,18.0684,18.242767
Train,1.219,1.1676908
Train,18.0682,18.045254
Train,13.0868,13.062796
Train,1.6129,1.5832489
Train,4.2521,4.0732355
Train,1.5855,1.6004505
Train,0.96,0.9297872
Train,11.9645,11.985017
Train,1.6876,1.5833335
Train,1.819,1.8050048
Train,11.391,11.427879
Train,3.5963,3.4999201
Train,7.1509,6.982489
Train,13.5645,13.626652
Train,1.419,1.3441018
Train,2.3963,2.256193
Train,5.8869,5.8756485
Train,1.819,1.7054363
Train,1.4768,1.4683223
Train,15.2869,15.365561
Train,1.4768,1.4587289
Train,1.4495,1.4478141
Train,1.719,1.6824138
Train,4.5526,4.23669
Train,3.8058,3.8134747
Train,17.2867,17.382656
Train,0.819,0.79945236
Train,2.9688,3.0224087
Train,18.2865,18.287312
Train,10.491,10.517244
Train,1.5495,1.5342522
Train,1.5495,1.558003
Train,2.019,1.9596362
Train,16.8819,17.083317
Train,3.6034,3.4586494
Train,8.6608,9.02787
Train,9.2743,9.286785
Train,1.4768,1.4237574
Train,1.019,1.0006161
Train,10.9732,10.942059
Train,1.4768,1.4518385
Train,9.1732,9.174919
Train,17.3089,17.28558
Train,13.0362,13.115827
Train,16.3087,16.458622
Train,2.9963,2.9534004
Train,14.5635,14.500379
Train,1.919,1.7902963
Train,2.1495,2.1206431
Train,0.96,0.94661623
Train,16.1509,16.129972
Train,1.9963,1.9807127
Train,1.4768,1.4242774
Train,2.6495,2.6453152
Train,5.9058,5.885649
Train,13.673,13.691769
Train,1.919,1.8855228
Train,10.073,10.043151
Train,1.2495,1.2440933
Train,16.3089,16.23222
Train,16.373,16.446335
Train,1.2495,1.2262714
Train,4.7058,4.7367167
Train,3.2608,3.6657913
Train,2.219,2.0535207
Train,1.119,1.0986397
Train,9.4861,9.398673
Train,1.4768,1.4314878
Train,15.2867,15.327406
Train,11.3908,11.3179455
Train,14.3508,14.215168
Train,2.5963,2.423105
Train,0.96,0.9842027
Train,1.7495,1.7254452
Train,2.7963,2.584681
Train,15.4636,15.528558
Train,8.6909,8.617685
Train,1.8855,1.8836398
Train,1.319,1.2753758
Train,0.96,0.9478716
Train,10.4908,10.411432
Train,2.7963,2.5566003
Train,2.643,2.7269075
Train,1.2495,1.2205888
Train,0.919,0.8710212
Train,1.9495,1.9547656
Train,1.7876,1.6415248
Train,2.9058,2.8090322
Train,1.4768,1.4429497
Train,7.7606,7.733764
Train,0.96,0.9462703
Train,1.4768,1.4311703
Train,0.96,0.9493851
Train,2.019,2.0198889
Train,17.3089,17.19624
Train,3.3526,3.1582453
Train,0.96,0.929187
Train,7.9866,8.050901
Train,7.1509,7.093323
Train,2.9034,2.9331727
Train,7.8559,7.8615866
Train,1.4768,1.447561
Train,1.7495,1.7152107
Train,12.291,12.316805
Train,19.4535,19.509085
Train,19.6718,19.561298
Train,18.2865,18.152353
Train,7.9866,7.872288
Train,13.413,13.479533
Train,1.4768,1.4488331
Train,5.3508,5.2574453
Train,0.819,0.8230426
Train,15.3087,15.472465
Train,17.2866,17.379387
Train,3.7688,3.697236
Train,8.6861,8.614956
Train,6.2058,6.367521
Train,4.4508,4.3455424
Train,3.5058,3.4431844
Train,8.1461,8.036144
Train,10.4909,10.411432
Train,5.3058,5.230408
Train,1.4768,1.4509046
Train,18.0682,17.912865
Train,1.119,1.0986397
Train,2.4495,2.401125
Train,2.4495,2.480074
Train,6.9043,6.8203616
Train,1.719,1.6859503
Train,0.319,0.26582277
Train,1.4768,1.4341096
Train,15.1856,15.071767
Train,1.019,1.0029726
Train,1.6855,1.6425289
Train,0.619,0.62663406
Train,15.9819,15.936878
Train,0.96,0.9565615
Train,4.4509,4.345449
Train,5.3511,5.4363794
Train,1.7495,1.7339177
Train,0.96,0.95631653
Train,11.5396,11.538699
Train,15.2866,15.406543
Train,2.9058,2.85708
Train,1.619,1.604846
Train,15.251,15.16897
Train,20.0905,19.959547
Train,1.119,1.0612262
Train,1.4768,1.4584607
Train,14.3645,14.281466
Train,3.5508,3.4574833
Train,1.619,1.4752849
Train,2.119,2.023469
Train,0.119,0.09442564
Train,16.3091,16.378077
Train,2.14,2.4019039
Train,0.96,0.93763524
Train,14.5733,14.6301
Train,1.919,1.8128749
Train,1.9495,1.9249604
Train,20.3088,20.26067
Train,1.9867,1.9866352
Train,1.4768,1.4351283
Train,2.119,2.200091
Train,4.1423,4.2382064
Train,1.4768,1.4445261
Train,13.3858,13.387494
Train,13.9361,13.8016205
Train,1.0495,1.0261877
Train,11.7002,11.641077
Train,9.783,9.724934
Train,2.1304,2.3603997
Train,0.96,0.9365471
Train,2.3495,2.2811003
Train,2.3495,2.2751245
Train,0.96,0.9363362
Train,13.7461,13.899327
Train,4.4058,4.375601
Train,11.7995,11.820102
Train,4.4509,4.3335276
Train,12.2869,12.386421
Train,3.3526,3.2683673
Train,3.8439,3.863857
Train,0.9495,0.9335384
Train,16.3042,16.328684
Train,14.9353,14.948486
Train,2.3495,2.340765
Train,0.519,0.47421885
Train,2.9034,2.834136
Train,1.4768,1.4279852
Train,0.96,0.94506377
Train,5.9395,5.8279557
Train,2.643,2.6701436
Train,1.619,1.69944
Train,2.1495,2.143519
Train,3.4169,3.3324382
Train,16.3732,16.49627
Train,1.4495,1.451483
Train,1.9855,1.997637
Train,0.96,0.93093795
Train,1.8876,1.742318
Train,1.4876,1.4703573
Train,1.919,1.7769903
Train,4.1908,4.020602
Train,1.919,2.0982003
Train,5.0608,5.0084376
Train,15.3087,15.452951
Train,1.6876,1.5512104
Train,5.9909,5.8738194
Train,7.7266,7.522118
Train,4.1526,3.989338
Train,17.2043,17.230661
Train,2.9418,3.067819
Train,1.478,1.4835922
Train,14.313,14.408974
Train,17.4226,17.52655
Train,16.2867,16.310844
Train,1.4768,1.4497361
Train,4.1533,4.144557
Train,5.313,5.4767227
Train,11.7044,11.793877
Train,11.3909,11.427879
Train,11.7044,11.788975
Train,8.0268,7.989922
Train,1.4768,1.4567697
Train,1.4768,1.4547553
Train,3.8058,3.7793262
Train,4.451,4.4596734
Train,6.8909,6.8881197
Train,1.3495,1.3125569
Train,1.4768,1.4584726
Train,1.719,1.8489039
Train,5.0869,5.19235
Train,1.619,1.6084211
Train,18.2867,18.32901
Train,3.7526,3.5185008
Train,8.9509,9.032391
Train,2.5322,2.616438
Train,2.2855,2.2640514
Train,1.019,1.0158334
Train,3.2058,3.126585
Train,5.5866,5.6222634
Train,15.9819,16.150095
Train,1.478,1.4624002
Train,2.9058,2.8433914
Train,2.019,2.0972257
Train,4.1526,3.877923
Train,16.6362,16.720882
Train,1.3495,1.3380669
Train,8.013,8.0348
Train,13.0869,13.268153
Train,4.5149,4.824602
Train,10.4909,10.391131
Train,1.5855,1.5763195
Train,1.4768,1.453041
Train,1.819,1.754061
Train,11.6508,11.447989
Train,1.4495,1.4062815
Train,2.019,2.035512
Train,17.1001,17.369352
Train,1.219,1.1748651
Train,5.091,5.071419
Train,3.0963,3.074251
Train,16.2866,16.218029
Train,16.151,16.109827
Train,2.0867,2.0205693
Train,0.96,0.95713204
Train,1.919,1.8796976
Train,5.0058,5.16955
Train,1.719,1.8263116
Train,15.8354,15.953178
Train,5.0058,4.9154925
Train,1.4855,1.4601107
Train,14.0354,14.123506
Train,18.3091,18.273155
Train,0.96,0.922133
Train,2.3439,2.208683
Train,5.4559,5.45896
Train,1.119,1.0981424
Train,6.9044,6.8897953
Train,1.1495,1.136174
Train,3.7526,3.5885353
Train,0.96,0.93485934
Train,1.3495,1.3238518
Train,1.478,1.4728868
Train,1.5867,1.5948207
Train,4.6633,4.585238
Train,1.019,1.0042186
Train,11.9866,12.066075
Train,2.4495,2.4063041
Train,5.3044,5.2882233
Train,0.419,0.41258287
Train,0.96,0.95569867
Train,1.4768,1.4599348
Train,10.751,10.63562
Train,2.319,2.34555
Train,5.0909,5.0084925
Train,2.0495,2.0347686
Train,7.1645,7.1099515
Train,2.365,2.3694115
Train,1.0495,1.0323812
Train,17.2865,17.298813
Train,3.2418,3.4470031
Train,0.9495,0.956835
Train,0.96,0.9375374
Train,1.419,1.3939669
Train,2.3855,2.4725564
Train,7.1131,7.072046
Train,1.4768,1.4590814
Train,0.96,0.93638295
Train,1.478,1.4464556
Train,9.5908,9.521841
Train,1.819,1.7870361
Train,4.1688,3.975741
Train,18.3169,18.567562
Train,6.4459,6.372569
Train,1.419,1.4226435
Train,0.96,0.95746773
Train,0.96,0.9442802
Train,10.0741,9.97554
Train,3.8058,3.727341
Train,12.483,12.46036
Train,15.8353,15.885286
Train,8.051,8.0425205
Train,0.96,0.946045
Train,1.319,1.2877375
Train,1.019,1.0732365
Train,4.3035,4.236409
Train,0.96,0.94487935
Train,13.673,13.683591
Train,1.719,1.7625567
Train,15.4868,15.475162
Train,1.019,0.9799532
Train,2.119,2.1540003
Train,2.6495,2.6903439
Train,6.4761,6.3573413
Train,1.9129,2.0602005
Train,4.1058,4.0435348
Train,1.0495,1.0440407
Train,9.173,9.22586
Train,14.2867,14.282324
Train,3.6035,3.477028
Train,3.3688,3.2367
Train,1.919,1.8683417
Train,16.151,16.31069
Train,2.119,2.0092454
Train,1.4768,1.4591292
Train,2.1495,2.1387715
Train,1.619,1.5895638
Train,8.2869,8.170521
Train,2.665,2.6898391
Train,1.519,1.4938532
Train,2.3855,2.5358996
Train,3.8861,3.7438915
Train,10.6868,10.599523
Train,0.719,0.6945239
Train,1.9495,1.9075079
Train,2.0495,2.0450964
Train,8.6909,8.63305
Train,1.7495,1.7099847
Train,5.9608,5.8814783
Train,5.6256,5.646041
Train,0.96,0.9434399
Train,7.6499,7.628033
Train,3.5418,3.8219643
Train,2.3855,2.4552264
Train,2.019,1.9627838
Train,1.0495,1.0335635
Train,6.8499,6.752524
Train,1.319,1.3178892
Train,10.3866,10.462097
Train,6.0741,6.068893
Train,1.5495,1.5246292
Train,1.4768,1.4500157
Train,10.9761,10.946904
Train,3.7782,3.6841416
Train,2.365,2.4100223
Train,2.9058,2.862361
Train,14.2865,14.265724
Train,8.1461,8.202201
Train,2.2855,2.2442992
Train,15.2866,15.386543
Train,0.96,0.9333276
Train,2.319,2.360119
Train,0.96,0.9472769
Train,20.0904,20.089706
Train,2.1304,2.3430824
Train,2.1495,2.1287026
Train,13.5002,13.416151
Train,11.9643,11.913992
Train,1.519,1.4812293
Train,2.119,2.0071592
Train,1.919,1.810161
Train,17.672,17.517027
Train,6.8741,6.8822355
Train,10.282,10.333334
Train,2.2867,2.234355
Train,1.7867,1.8128035
Train,12.9461,13.079444
Train,1.4768,1.4392319
Train,10.0761,10.068156
Train,1.1495,1.1386392
Train,0.96,0.947812
Train,2.0495,2.0201588
Train,3.6034,3.4748816
Train,1.0495,1.0275251
Train,1.4768,1.4567945
Train,2.1495,2.0986183
Train,1.4855,1.4632169
Train,2.9418,3.1118789
Train,15.473,15.541199
Train,16.1508,16.189613
Train,1.9855,1.9606264
Train,1.3495,1.343642
Train,0.319,0.2650172
Train,1.9495,1.9075079
Train,8.9132,8.889766
Train,1.8867,1.8649797
Train,1.819,1.8524748
Train,0.719,0.6942093
Train,1.5495,1.5501926
Train,5.0908,4.8926387
Train,2.019,1.9681959
Train,1.719,1.5763354
Train,1.519,1.5100366
Train,12.2867,12.296142
Train,0.96,0.9241695
Train,4.1526,3.8826723
Train,1.719,1.6155105
Train,3.4169,3.2960224
Train,0.519,0.51160157
Train,2.219,2.1567488
Train,4.7058,4.689911
Train,1.5495,1.5386803
Train,5.9908,5.812612
Train,11.3608,11.441372
Train,15.3,15.477842
Train,0.96,0.9293652
Train,2.6418,2.8109481
Train,11.583,11.493747
Train,2.119,2.0473206
Train,6.3643,6.2319856
Train,7.3597,7.277289
Train,8.0511,8.173228
Train,1.4768,1.4418064
Train,7.6361,7.4486756
Train,3.7526,3.4827437
Train,2.2867,2.3228273
Train,1.4768,1.4510949
Train,3.3304,3.0348277
Train,2.0855,2.0395985
Train,3.7043,3.605325
Train,1.4768,1.446581
Train,1.4768,1.4502478
Train,0.96,0.95939976
Train,6.473,6.5045214
Train,1.8855,1.8441904
Train,1.8495,1.8092468
Train,18.2867,18.246422
Train,13.4131,13.292163
Train,1.8495,1.8273112
Train,1.4768,1.4412805
Train,2.0855,2.1050508
Train,1.6855,1.7210974
Train,10.7131,10.664451
Train,2.5495,2.5145497
Train,3.551,3.3764176
Train,2.5495,2.514432
Train,0.96,0.96855193
Train,1.919,1.7620585
Train,1.4768,1.4534832
Train,1.9963,2.009608
Train,0.96,0.951302
Train,9.746,9.634304
Train,2.4495,2.437046
Train,20.0906,20.191635
Train,8.0131,8.036619
Train,5.7903,5.692446
Train,10.7132,10.664451
Train,0.96,0.93267673
Train,0.96,0.943191
Train,1.9963,1.9778504
Train,1.0495,1.0320501
Train,1.1129,1.0332578
Train,0.96,0.9584691
Train,8.4499,8.411434
Train,0.719,0.6776893
Train,12.4858,12.44335
Train,1.478,1.4359772
Train,1.4768,1.4458687
Train,1.519,1.4812293
Train,1.3495,1.3413829
Train,1.419,1.3917387
Train,1.219,1.1762462
Train,11.65,11.597696
Train,0.96,0.9577016
Train,6.5462,6.6961465
Train,2.219,2.142531
Train,3.2418,3.4448295
Train,2.3495,2.3298745
Train,9.2499,9.20905
Train,1.419,1.3681462
Train,0.96,0.94545966
Train,5.7461,5.767794
Train,1.478,1.4723971
Train,2.6495,2.6658864
Train,2.019,2.075055
Train,5.4521,5.3024583
Train,6.2509,6.1827097
Train,4.1526,3.915137
Train,2.1963,2.1333952
Train,7.6362,7.6813684
Train,7.3461,7.4103217
Train,1.4855,1.5108973
Train,15.7361,15.639675
Train,1.3495,1.3238518
Train,13.8868,13.904991
Train,7.1131,7.1285815
Train,0.96,0.9426212
Train,1.019,0.9994803
Train,3.8439,3.857114
Train,2.119,2.013264
Train,14.7818,14.651002
Train,14.2856,14.227262
Train,1.4768,1.4438628
Train,1.4768,1.4476957
Train,1.819,1.7982183
Train,1.519,1.5528928
Train,2.9439,2.6332593
Train,1.519,1.585345
Train,0.619,0.5726006
Train,17.3087,17.415691
Train,11.391,11.409485
Train,1.819,1.7665173
Train,11.7043,11.845625
Train,2.9058,2.8297164
Train,4.6533,4.599319
Train,10.7131,10.596816
Train,4.673,4.844475
Train,8.0508,7.839723
Train,1.5855,1.5427575
Train,6.8608,7.237173
Train,13.9362,14.034363
Train,1.478,1.4290369
Train,1.4768,1.4425452
Train,2.965,3.0163345
Train,6.3645,6.4002285
Train,2.2495,2.1900816
Train,1.119,1.0801499
Train,2.6439,2.4785595
Train,4.9526,4.617395
Train,0.96,0.9710241
Train,2.5304,2.5071306
Train,14.0352,14.281022
Train,1.4768,1.4617454
Train,0.96,0.9300837
Train,2.019,1.930085
Train,1.7855,1.7137698
Train,0.96,0.9620232
Train,1.4768,1.4571863
Train,1.2495,1.2190349
Train,0.96,0.9842027
Train,0.96,0.9521983
Train,3.2418,3.3249328
Train,3.8058,3.7411394
Train,1.519,1.4331046
Train,9.0869,9.113993
Train,1.619,1.6924579
Train,2.1495,2.0954673
Train,1.9867,1.9650087
Train,2.3855,2.529152
Train,17.5362,17.578222
Train,0.96,0.94290704
Train,10.713,10.781387
Train,8.8268,8.813759
Train,1.019,0.9759911
Train,5.351,5.3015985
Train,1.4768,1.4728202
Train,11.4868,11.42089
Train,15.3088,15.235959
Train,6.8908,6.8295856
Train,0.96,0.96789366
Train,6.3866,6.427151
Train,6.8606,6.8499646
Train,14.4002,14.283316
Train,4.7058,4.62002
Train,1.419,1.431742
Train,18.0684,18.035439
Train,1.319,1.2877375
Train,1.4768,1.4396942
Train,17.1004,17.270836
Train,5.1533,5.0603356
Train,16.8817,16.972715
Train,8.9509,8.782554
Train,1.6855,1.662852
Train,5.3526,5.1906533
Train,1.478,1.4405512
Train,2.365,2.3989427
Train,0.96,0.9443105
Train,1.4768,1.4562613
Train,1.478,1.4173207
Train,1.4495,1.4049268
Train,18.2866,18.35302
Train,1.4855,1.4696231
Train,11.1818,11.074426
Train,0.719,0.70587105
Train,1.419,1.3986139
Train,1.9855,1.9820418
Train,2.665,2.6460726
Train,2.619,2.7149494
Train,0.96,0.93746465
Train,7.7909,7.7137346
Train,8.2868,8.170521
Train,3.0062,3.0353148
Train,18.1732,18.25583
Train,1.4768,1.4447914
Train,14.4,14.329565
Train,1.4768,1.4601585
Train,1.7495,1.7098624
Train,1.019,0.9940061
Train,1.4768,1.4562998
Train,1.219,1.1894867
Train,1.1495,1.1370119
Train,2.5495,2.5371704
Train,8.013,8.101603
Train,14.5732,14.626065
Train,4.5995,4.6169696
Train,4.7058,4.7031717
Train,0.719,0.6978218
Train,7.3462,7.508576
Train,1.519,1.4731649
Train,3.9643,3.6835287
Train,1.819,1.6932174
Train,10.0743,10.085819
Train,2.019,2.0061467
Train,2.119,2.1956172
Train,1.619,1.5449903
Train,1.619,1.587676
Train,1.719,1.7309821
Train,1.619,1.5572937
Train,3.6034,3.477028
Train,5.9058,5.969272
Train,2.1855,2.1251009
Train,11.1645,10.997762
Train,10.7508,10.653854
Train,11.2362,11.302807
Train,1.4768,1.431716
Train,1.4768,1.4724197
Train,10.491,10.515738
Train,1.819,1.7947623
Train,1.5855,1.6038573
Train,0.96,0.93680423
Train,5.3044,5.3193965
Train,8.9131,8.892498
Train,3.5418,3.8507886
Train,0.96,0.94398886
Train,1.3495,1.3418001
Train,1.619,1.6090033
Train,8.0509,7.867557
Train,14.3645,14.471772
Train,0.96,0.9466166
Train,1.4768,1.4531527
Train,1.8129,1.9019804
Train,12.946,12.883571
Train,8.273,8.332461
Train,1.919,1.8881798
Train,1.519,1.3770227
Train,8.2732,8.266769
Train,1.4768,1.4517647
Train,1.4768,1.4710596
Train,10.8499,10.856371
Train,8.013,8.03427
Train,8.7645,8.755972
Train,15.2508,15.245986
Train,12.9818,12.949907
Train,1.119,1.0919123
Train,14.5731,14.442032
Train,6.213,6.265352
Train,2.5304,2.5092134
Train,0.96,1.0053397
Train,14.8361,14.716732
Train,17.273,17.42676
Train,2.9439,2.7303488
Train,5.3266,5.118168
Train,10.0459,9.985374
Train,0.119,0.11193287
Train,2.3495,2.2898788
Train,1.719,1.5974799
Train,18.5352,18.856482
Train,18.0683,18.01068
Train,1.4768,1.4634149
Train,1.419,1.3800874
Train,2.3439,2.216501
Train,12.9461,12.883571
Train,8.6909,8.680913
Train,1.8495,1.8310516
Train,0.219,0.21085185
Train,0.96,0.9318555
Train,0.119,0.14079317
Train,2.6508,2.6158533
Train,1.6855,1.7141106
Train,2.1304,2.3717852
Train,2.1963,2.1192198
Train,4.1909,4.0595083
Train,1.4768,1.456315
Train,2.119,2.0398283
Train,2.4927,2.630008
Train,2.019,2.254335
Train,10.9044,10.951056
Train,18.173,18.206867
Train,0.96,0.92334276
Train,2.6495,2.651782
Train,8.2869,8.296582
Train,1.4768,1.459724
Train,8.45,8.471132
Train,0.96,0.94489723
Train,1.519,1.5290948
Train,19.0906,19.227077
Train,16.2004,16.311022
Train,4.1058,4.0301723
Train,1.4768,1.4535285
Train,2.119,2.0377798
Train,2.019,1.9701571
Train,4.5043,4.3233647
Train,4.6633,4.5529714
Train,14.2858,14.307889
Train,0.519,0.48439413
Train,1.4768,1.4659815
Train,11.3908,11.318863
Train,1.819,1.7987409
Train,3.5058,3.4440925
Train,2.0495,2.0261283
Train,4.1917,4.402447
Train,1.619,1.6805102
Train,1.5867,1.5719438
Train,1.819,1.8607543
Train,1.819,1.7874781
Train,5.6268,5.6310587
Train,6.2058,6.2452135
Train,7.7908,7.716703
Train,3.2058,3.1954603
Train,0.96,0.9368015
Train,2.8169,2.8283763
Train,1.719,1.7325363
Train,5.351,5.184117
Train,1.4768,1.4482058
Train,0.319,0.30711985
Train,1.419,1.4972622
Train,1.919,1.8992503
Train,12.3093,12.395519
Train,15.2867,15.436924
Train,1.1495,1.1448122
Train,7.0828,7.163727
Train,15.473,15.506079
Train,1.7129,1.7400434
Train,1.4768,1.4507658
Train,3.5418,3.7759187
Train,5.6633,5.596639
Train,0.96,0.9241695
Train,17.6353,17.800367
Train,8.3395,8.342331
Train,1.5855,1.5544214
Train,3.2058,3.242846
Train,2.5495,2.5387836
Train,1.819,1.9635525
Train,1.8876,1.793762
Train,4.191,4.1630235
Train,1.4768,1.4774292
Train,0.96,0.96186155
Train,1.119,1.0819112
Train,13.2866,13.2850895
Train,4.7058,4.702614
Train,1.4768,1.4600377
Train,1.4768,1.4610126
Train,1.4768,1.4605687
Train,12.2909,12.326781
Train,12.7732,12.799413
Train,2.6508,2.6664019
Train,0.919,0.90614307
Train,1.619,1.6070104
Train,5.9606,5.9441686
Train,9.591,9.612545
Train,1.219,1.1683798
Train,10.0499,10.037591
Train,1.9855,1.9243643
Train,3.2418,3.4322672
Train,4.1608,4.4671
Train,13.746,13.6946
Train,2.9266,3.0092998
Train,13.8226,13.80203
Train,1.519,1.4852862
Train,1.8867,1.8397387
Train,1.219,1.2548493
Train,12.5508,12.37446
Train,12.7645,12.800425
Train,14.7223,14.751767
Train,12.3396,12.373118
Train,1.519,1.4498658
Train,13.2869,13.359486
Train,15.4635,15.533251
Train,1.4768,1.458852
Train,9.1093,9.094976
Train,0.9495,0.9323661
Train,0.96,0.98209995
Train,18.5354,18.803371
Train,1.4768,1.4709289
Train,14.6868,14.67648
Train,1.2495,1.2316276
Train,0.96,0.86659306
Train,8.691,8.757119
Train,9.8868,9.78374
Train,1.4768,1.4846611
Train,1.819,1.7176558
Train,17.0683,17.087936
Train,17.2866,17.398247
Train,14.504,14.6991005
Train,7.1132,7.0478296
Train,4.9462,5.020887
Train,0.96,0.92438525
Train,2.219,2.1205258
Train,14.1995,14.44664
Train,14.5636,14.695652
Train,10.973,10.954661
Train,16.8819,16.870419
Train,1.6495,1.6524172
Train,1.119,1.103315
Train,16.3731,16.308243
Train,14.0353,14.081869
Train,2.665,2.6211083
Train,1.1495,1.1390308
Train,12.982,13.048933
Train,9.851,9.911968
Train,7.083,7.0594435
Train,1.4768,1.4337084
Train,10.3643,10.310933
Train,1.4768,1.4570757
Train,1.719,1.7039639
Train,15.8352,16.100586
Train,15.4634,15.316449
Train,6.9266,6.7204256
Train,12.7731,12.601219
Train,16.3043,16.545662
Train,1.4768,1.4826227
Train,1.719,1.6906316
Train,2.219,2.1602964
Train,13.0869,13.062796
Train,1.719,1.6982553
Train,1.819,1.806462
Train,1.478,1.4860321
Train,1.919,1.8892057
Train,10.4268,10.452978
Train,1.5855,1.5449654
Train,1.4768,1.4447485
Train,4.1909,4.1107664
Train,2.119,2.1492903
Train,0.96,0.9480576
Train,15.672,15.662237
Train,4.6423,4.851726
Train,1.419,1.4048494
Train,2.5495,2.4873025
Train,7.7044,7.699819
Train,14.782,14.805543
Train,1.4855,1.4802036
Train,4.1058,4.0417047
Train,10.0733,10.137018
Train,14.2866,14.319103
Train,3.5058,3.4447827
Train,14.2866,14.363022
Train,0.96,0.95628875
Train,4.6533,4.5043416
Train,1.8855,1.8380759
Train,1.5495,1.5523434
Train,1.6495,1.6263113
Train,5.6058,5.586788
Train,2.2495,2.201736
Train,5.5645,5.521895
Train,1.4495,1.4271612
Train,9.851,9.811199
Train,11.651,11.544997
Train,2.3855,2.3841853
Train,1.1495,1.1305149
Train,1.5876,1.5308505
Train,0.96,0.93709105
Train,1.478,1.4751475
Train,16.2869,16.37763
Train,3.2908,3.1783633
Train,1.6867,1.6557792
Train,1.4768,1.4651418
Train,9.9396,9.871434
Train,4.146,3.9426327
Train,5.0909,5.0659204
Train,1.4768,1.4500488
Train,1.4768,1.4580386
Train,1.4768,1.4565054
Train,13.8869,13.904991
Train,6.0743,6.1694365
Train,10.2223,10.171747
Train,1.319,1.3151053
Train,15.4733,15.554199
Train,2.965,2.9019933
Train,15.4635,15.316449
Train,11.6509,11.544997
Train,2.3963,2.2779796
Train,2.9058,2.8601003
Train,16.151,16.129972
Train,8.1899,8.226391
Train,12.2868,12.237991
Train,1.119,1.081218
Train,4.1462,4.196682
Train,1.819,1.7744501
Train,1.019,1.0131259
Train,8.6909,8.714347
Train,1.4768,1.4538829
Train,18.2867,18.384155
Train,0.96,0.93638283
Train,7.373,7.362485
Train,9.5645,9.55421
Train,2.3495,2.296619
Train,1.319,1.2965093
Train,15.3089,15.314835
Train,18.3088,18.128944
Train,1.319,1.2962492
Train,1.919,1.8939052
Train,0.619,0.6072741
Train,0.96,0.93779963
Train,3.5058,3.5105796
Train,2.119,2.1347978
Train,7.1508,6.9605083
Train,1.619,1.5020919
Train,1.4768,1.4707114
Train,1.4768,1.4667091
Train,4.4058,4.4255643
Train,5.3043,5.1520133
Train,0.96,0.9813059
Train,0.96,0.9382283
Train,11.3606,11.3563175
Train,7.9645,7.9759517
Train,12.9223,12.981281
Train,1.019,0.951055
Train,1.619,1.6522135
Train,2.9304,2.7122452
Train,0.519,0.4977497
Train,1.5867,1.5998445
Train,14.6869,14.67648
Train,1.4768,1.4552245
Train,16.2001,16.38866
Train,1.4855,1.4993405
Train,1.9495,1.9249604
Train,2.2331,2.4892309
Train,4.1909,4.099175
Train,0.719,0.7113283
Train,6.1266,5.912706
Train,5.9608,6.2812324
Train,1.4768,1.4575895
Train,1.619,1.7303321
Train,1.319,1.3313078
Train,4.1633,4.2173195
Train,14.2867,14.314873
Train,2.7963,2.6938605
Train,1.319,1.2567501
Train,8.913,8.961504
Train,2.119,2.2228801
Train,2.2495,2.208879
Train,1.219,1.1605058
Train,9.3044,9.268617
Train,7.7043,7.5890627
Train,11.2361,11.057189
Train,4.4508,4.309575
Train,8.9508,8.7385
Train,11.8733,11.89972
Train,0.319,0.29739064
Train,7.8861,7.830191
Train,1.419,1.2867978
Train,5.8004,5.6947856
Train,5.0606,5.0884733
Train,8.273,8.247129
Train,7.151,6.982489
Train,1.519,1.4278964
Train,12.5132,12.467184
Train,2.119,2.0678635
Train,2.0495,2.0286942
Train,1.4768,1.4407823
Train,3.5439,3.4327466
Train,1.4867,1.4800471
Train,2.119,2.030706
Train,16.2865,16.194061
Train,0.819,0.7898362
Train,11.6131,11.559278
Train,8.913,9.0244465
Train,1.9495,1.9533651
Train,4.3034,4.169249
Train,1.919,1.9039108
Train,8.6909,8.574644
Train,12.0818,11.995396
Train,17.4225,17.544842
Train,6.2508,6.152683
Train,1.619,1.5622568
Train,1.6855,1.6429658
Train,1.9495,1.9307156
Train,1.5495,1.5386803
Train,1.4768,1.4610255
Train,5.0909,5.071419
Train,1.619,1.521141
Train,2.6418,2.7814794
Train,4.9526,4.704623
Train,2.319,2.2251306
Train,1.019,0.968067
Train,2.1855,2.2075372
Train,1.219,1.2004585
Train,2.1963,2.1611495
Train,2.2331,2.348926
Train,12.1462,12.279865
Train,17.2869,17.342659
Train,1.4768,1.4679116
Train,1.478,1.4565964
Train,19.3089,19.29631
Train,1.4768,1.441625
Train,2.0855,2.1600878
Train,2.019,2.078568
Train,1.919,1.937047
Train,1.8876,1.774425
Train,6.8743,6.957486
Train,1.4768,1.4598153
Train,1.219,1.192889
Train,1.7876,1.657002
Train,1.4768,1.453235
Train,1.119,1.1088582
Train,2.119,2.0512772
Train,14.2866,14.319103
Train,19.0904,19.1997
Train,1.319,1.3079213
Train,1.6867,1.6795759
Train,0.96,0.8633135
Train,1.6855,1.6451589
Train,0.319,0.30031812
Train,9.8132,9.760071
Train,1.7876,1.6555126
Train,15.2511,15.278144
Train,17.2869,17.53274
Train,0.96,0.9361289
Train,2.219,2.2320604
Train,17.273,17.395412
Train,12.4499,12.274944
Train,7.3732,7.3818474
Train,0.96,0.9283821
Train,1.4768,1.4426426
Train,1.4768,1.4766741
Train,0.96,0.9405317
Train,1.119,1.0003129
Train,16.373,16.457333
Train,1.019,1.046051
Train,8.9131,8.957267
Train,0.96,0.94951016
Train,1.4768,1.4290683
Train,1.4768,1.4547226
Train,11.3461,11.245255
Train,18.0683,18.013487
Train,2.365,2.3929634
Train,2.3963,2.2612054
Train,3.5058,3.4432817
Train,6.4268,6.2791657
Train,3.5058,3.5674195
Train,1.4768,1.4651984
Train,8.5361,8.383112
Train,1.7963,1.7991089
Train,17.2866,17.322151
Train,1.619,1.5894005
Train,1.4768,1.4300686
Train,4.4058,4.3603373
Train,12.551,12.62569
Train,11.5093,11.554909
Train,1.4495,1.4263358
Train,15.3088,15.314835
Train,12.773,12.788819
Train,1.4768,1.4352722
Train,2.2495,2.239541
Train,0.96,0.9012073
Train,12.146,12.062413
Train,0.96,0.95081884
Train,6.7395,6.5885053
Train,2.019,1.9344592
Train,13.882,13.954271
Train,1.819,1.6980249
Train,5.6256,5.5394707
Train,7.1643,7.087148
Train,5.313,5.504255
Train,2.4495,2.3793545
Train,6.9044,6.8267007
Train,3.3461,3.3492723
Train,2.4927,2.5891485
Train,4.1423,4.3203616
Train,2.0876,2.053903
Train,0.219,0.22777885
Train,1.919,1.8229873
Train,4.1058,4.10458
Train,1.4768,1.4514267
Train,4.5043,4.290097
Train,6.0521,5.8767977
Train,0.96,0.9341976
Train,12.1361,11.984114
Train,5.3526,5.1173663
Train,5.0908,4.991814
Train,16.3088,16.305054
Train,0.96,0.94713384
Train,5.8868,5.7680407
Train,14.2869,14.536274
Train,11.9645,11.805895
Train,16.5995,16.816805
Train,2.4495,2.4061403
Train,14.3508,14.288034
Train,2.4495,2.427394
Train,12.1461,12.260582
Train,4.9461,4.881776
Train,2.419,2.3354688
Train,2.4495,2.4487054
Train,12.3395,12.516422
Train,0.319,0.2646851
Train,3.2058,3.1315014
Train,7.5396,7.4044137
Train,1.4768,1.4348619
Train,1.4768,1.4397068
Train,15.1643,15.214559
Train,0.919,0.87038416
Train,0.96,0.94064313
Train,1.619,1.593685
Train,7.4869,7.4961724
Train,2.1855,2.2901525
Train,16.2,16.058949
Train,4.946,4.7650495
Train,1.6855,1.665442
Train,1.519,1.4125979
Train,9.5608,9.92634
Train,1.4768,1.4424325
Train,11.6499,11.669759
Train,1.619,1.730658
Train,8.8269,8.813759
Train,2.0129,2.2212415
Train,1.8855,1.8804017
Train,4.3034,4.236409
Train,9.5908,9.376089
Train,10.8499,10.608053
Train,4.1058,4.0613675
Train,14.5634,14.500379
Train,2.965,2.9363647
Train,13.451,13.546765
Train,1.4768,1.4773266
Train,5.6058,5.529474
Train,8.4499,8.24498
Train,1.4768,1.4487865
Train,0.96,0.9480457
Train,9.8509,9.700364
Train,7.791,7.797067
Train,0.96,0.94344145
Train,12.2909,12.272461
Train,1.219,1.2043864
Train,2.1495,2.1225333
Train,1.919,1.9106481
Train,2.9688,2.9568155
Train,1.4495,1.4454619
Train,1.0495,1.0291734
Train,10.9043,10.83022
Train,2.4495,2.3731885
Train,6.1043,6.0243716
Train,0.96,0.9346275
Train,2.219,2.1676805
Train,0.96,0.9393856
Train,2.119,2.0490465
Train,0.96,0.9167057
Train,3.7266,3.6306577
Train,12.7733,12.811622
Train,10.7508,10.596901
Train,4.7058,4.7570624
Train,11.1643,11.116974
Train,1.319,1.2883253
Train,0.96,0.96090287
Train,9.1733,9.2821865
Train,12.45,12.426737
Train,12.7866,12.683889
Train,5.1395,5.131722
Train,5.991,5.9523726
Train,1.4768,1.4402186
Train,1.4768,1.4499481
Train,6.2861,6.2480197
Train,2.019,1.9823306
Train,1.119,1.0873871
Train,12.0268,12.065733
Train,2.0495,2.0428905
Train,2.3439,2.2208805
Train,1.4768,1.4433417
Train,4.7866,4.774695
Train,16.2001,16.3751
Train,1.4768,1.4541605
Train,9.813,9.833124
Train,6.9995,6.7023234
Train,1.719,1.6073079
Train,2.7963,2.6573074
Train,0.119,0.106736936
Train,0.96,0.9587297
Train,10.6869,10.765574
Train,15.7361,15.843231
Train,3.265,3.3072753
Train,4.1908,4.0595083
Train,18.3088,18.285168
Train,6.7361,6.6621428
Train,1.5495,1.5356019
Train,1.4495,1.4363196
Train,12.2909,12.2469
Train,9.8508,9.7426195
Train,1.9495,1.9375455
Train,2.6511,2.837094
Train,13.4131,13.3874855
Train,4.9256,4.997743
Train,9.173,9.168861
Train,1.819,1.7615104
Train,14.7226,14.714227
Train,2.0495,2.009175
Train,1.319,1.3695807
Train,3.2058,3.1361518
Train,10.6869,10.599523
Train,5.991,5.946502
Train,1.7495,1.7342776
Train,4.1439,4.355844
Train,4.8521,4.571538
Train,5.3058,5.315785
Train,2.651,2.6535015
Train,7.7908,7.7137346
Train,1.4768,1.4528748
Train,1.119,1.0848038
Train,0.96,0.95100445
Train,13.4132,13.374773
Train,1.8495,1.8296154
Train,10.6858,10.580976
Train,0.96,0.9371056
Train,8.0963,8.298884
Train,11.873,11.854036
Train,2.3867,2.3778434
Train,1.4768,1.44738
Train,9.5909,9.472807
Train,0.96,0.93548363
Train,1.8855,1.922507
Train,1.4768,1.457023
Train,1.4768,1.4559697
Train,1.819,1.7987409
Train,1.478,1.4790744
Train,1.6855,1.6825182
Train,4.673,4.86809
Train,1.219,1.2651613
Train,13.5,13.719689
Train,1.5855,1.6224647
Train,1.519,1.4852862
Train,2.9058,2.8740296
Train,8.0131,7.963698
Train,17.2867,17.270634
Train,1.119,1.102706
Train,10.4909,10.409952
Train,1.4768,1.4614955
Train,5.6058,5.5182858
Train,6.3004,6.35117
Train,3.8439,3.8720672
Train,9.25,9.23889
Train,10.9733,11.014929
Train,9.5866,9.485325
Train,1.019,1.0126877
Train,13.7462,13.9021
Train,1.219,1.1879032
Train,12.291,12.335009
Train,2.0855,2.0850265
Train,1.4768,1.4248775
Train,0.96,0.93578297
Train,2.6495,2.6562834
Train,1.4768,1.4950709
Train,8.8828,8.944046
Train,7.151,7.068165
Train,14.573,14.608686
Train,1.4768,1.4383705
Train,0.96,0.93530697
Train,6.7093,6.7016606
Train,4.9526,4.617395
Train,1.5867,1.5653352
Train,1.4768,1.4613045
Train,2.6495,2.6216106
Train,6.8908,6.837959
Train,0.419,0.38380417
Train,14.2866,14.265724
Train,1.4768,1.4824861
Train,1.519,1.5958556
Train,1.319,1.3022099
Train,12.291,12.326781
Train,1.4768,1.4696361
Train,6.0521,5.9770637
Train,15.2865,15.319608
Train,17.4169,17.671848
Train,13.4511,13.492876
Train,0.96,0.961554
Train,1.4768,1.4668784
Train,12.5508,12.350502
Train,4.9256,4.873838
Train,9.8508,9.694252
Train,0.96,0.9469184
Train,2.9035,2.834136
Train,5.8004,5.8966336
Train,0.96,0.94252867
Train,0.96,0.9448305
Train,17.2732,17.394459
Train,7.1866,7.238991
Train,2.019,2.2125182
Train,2.319,2.4325414
Train,1.9495,1.9445395
Train,5.091,5.0659204
Train,1.6495,1.655886
Train,3.1643,3.0747004
Train,3.7681,3.6005101
Train,0.96,0.94754344
Train,1.4768,1.4407753
Train,13.3856,13.389242
Train,10.751,10.702832
Train,3.1643,3.0543702
Train,4.1816,4.2194057
Train,18.173,18.293476
Train,2.5322,2.5891485
Train,8.0132,7.963698
Train,1.719,1.7779106
Train,2.3963,2.3161259
Train,9.4361,9.2605505
Train,2.6418,2.796926
Train,2.1855,2.2574768
Train,2.019,1.9560676
Train,3.2058,3.144049
Train,1.319,1.2965093
Train,4.9526,4.7089505
Train,3.6423,3.7920697
Train,0.96,0.9443477
Train,13.8869,14.095138
Train,3.2909,3.2246666
Train,8.691,8.714347
Train,4.1058,4.123202
Train,1.4768,1.445846
Train,15.2865,15.386543
Train,10.4608,10.488668
Train,14.4,14.613911
Train,15.4869,15.667463
Train,6.1044,6.094954
Train,9.8131,9.816446
Train,2.9963,2.7979846
Train,17.273,17.340765
Train,2.9058,2.920174
Train,14.3643,14.44574
Train,1.7867,1.7668282
Train,11.3462,11.466136
Train,2.9418,2.9628825
Train,16.8817,16.916004
Train,3.2418,3.3400521
Train,6.7362,6.7676196
Train,3.3304,3.0875282
Train,0.96,0.9231455
Train,13.3828,13.339865
Train,1.619,1.6124436
Train,1.4768,1.4712768
Train,5.7461,5.651697
Train,2.119,2.1327863
Train,1.519,1.5377102
Train,1.478,1.4633389
Train,0.96,0.9527015
Train,3.5058,3.5115182
Train,1.8495,1.8322068
Train,3.5418,3.7787087
Train,5.3508,5.137005
Train,5.9909,5.946502
Train,9.5909,9.520161
Train,1.4768,1.4432976
Train,1.6495,1.6300129
Train,10.6856,10.6688
Train,1.519,1.5006692
Train,11.8732,11.8631115
Train,2.7963,2.5645583
Train,1.9963,1.9407957
Train,17.0682,16.997238
Train,1.919,1.8988944
Train,3.3688,3.2811935
Train,1.919,2.1164982
Train,4.5688,4.5071697
Train,17.2866,17.379387
Train,7.346,7.254832
Train,2.3495,2.2740345
Train,1.9495,1.9129553
Train,10.1044,10.091943
Train,1.719,1.7690883
Train,2.9058,2.9201593
Train,2.3495,2.3137832
Train,3.7526,3.4827747
Train,0.96,0.93214506
Train,4.5917,4.871072
Train,16.1508,16.087074
Train,1.9495,1.9392948
Train,0.9495,0.9298368
Train,17.6354,17.858469
Train,2.3867,2.4549534
Train,8.5043,8.52699
Train,1.919,1.9080305
Train,13.8818,13.817047
Train,3.7304,3.5196996
Train,1.9876,1.8850123
Train,12.7866,12.922259
Train,7.5963,7.63507
Train,1.4768,1.4640737
Train,2.9439,2.807
Train,11.7004,11.780638
Train,1.4768,1.4482099
Train,1.019,1.0068011
Train,8.9899,9.022224
Train,5.9909,5.942569
Train,6.473,6.4396043
Train,1.719,1.6882069
Train,1.4768,1.4349421
Train,4.1461,4.070664
Train,1.619,1.5071244
Train,1.4768,1.4508576
Train,1.819,1.9714236
Train,1.9963,2.0031707
Train,9.2499,9.026563
Train,3.2909,3.1783633
Train,3.8058,3.7453594
Train,1.4768,1.4701414
Train,2.019,1.9580455
Train,9.5645,9.39551
Train,1.819,1.9607606
Train,11.6509,11.549562
Train,12.2908,12.153728
Train,11.6511,11.732693
Train,6.1044,6.0485835
Train,1.419,1.4048494
Train,14.7225,14.714227
Train,10.1995,10.152693
Train,17.3088,17.28558
Train,9.1395,9.171577
Train,6.3256,6.326258
Train,3.2058,3.2330277
Train,1.6855,1.6235677
Train,1.7495,1.7342776
Train,13.1396,13.23048
Train,3.8439,3.7872884
Train,1.3495,1.3050632
Train,1.5495,1.5146044
Train,12.2869,12.433346
Train,6.2058,6.226849
Train,2.1867,2.1390274
Train,1.7855,1.7535112
Train,15.2866,15.319608
Train,9.6269,9.648943
Train,16.7354,16.901678
Train,2.2495,2.2309616
Train,11.3908,11.193403
Train,1.478,1.4315078
Train,1.4768,1.473366
Train,2.6495,2.6559064
Train,0.96,0.96186155
Train,1.4867,1.5086393
Train,15.1858,15.10911
Train,0.96,0.95224434
Train,13.2499,13.103327
Train,18.3089,18.285168
Train,1.4768,1.463649
Train,2.0876,2.020054
Train,1.478,1.4472896
Train,7.373,7.3329015
Train,0.9495,0.93040496
Train,1.5855,1.5637352
Train,1.4768,1.4491113
Train,6.3643,6.248902
Train,14.351,14.283077
Train,1.919,2.098472
Train,5.3509,5.271778
Train,9.5643,9.500744
Train,1.3495,1.3452073
Train,8.913,8.959412
Train,3.3688,3.2609115
Train,4.3035,4.2119794
Train,6.891,6.917859
Train,2.5963,2.3976095
Train,0.9495,0.9475573
Train,1.4768,1.4229696
Train,8.051,7.867557
Train,1.4768,1.4414965
Train,13.2865,13.235001
Train,1.6495,1.6208293
Train,2.2331,2.4322538
Train,0.919,0.86871415
Train,12.5131,12.467184
Train,1.5129,1.4398574
Train,20.3087,20.38537
Train,4.4058,4.36099
Train,1.4129,1.3064268
Train,0.419,0.40705043
Train,12.5995,12.686804
Train,0.96,0.9420019
Train,1.619,1.5376084
Train,14.9674,14.964822
Train,2.019,1.8976547
Train,13.8225,13.80203
Train,11.3909,11.409485
Train,0.96,0.9428273
Train,19.0904,19.22744
Train,1.0495,1.0169631
Train,9.591,9.619039
Train,2.965,2.8999639
Train,12.9462,13.087592
Train,1.419,1.3834698
Train,1.519,1.507984
Train,1.819,1.7947607
Train,2.119,2.0539584
Train,0.9495,0.9600546
Train,1.7495,1.7307551
Train,2.8169,2.8139462
Train,1.319,1.3622427
Train,14.9354,15.009283
Train,1.478,1.4101956
Train,8.273,8.267778
Train,3.3304,3.119419
Train,1.519,1.4322457
Train,2.5495,2.5374146
Train,10.7509,10.660048
Train,2.9058,2.8371034
Train,1.4495,1.4450095
Train,1.3495,1.3191912
Train,1.719,1.719046
Train,2.6495,2.6583207
Train,0.619,0.6018882
Train,3.3304,3.128307
Train,0.219,0.16618133
Train,13.2869,13.603225
Train,13.4509,13.355001
Train,10.8741,10.789999
Train,2.6439,2.4183269
Train,2.319,2.3304446
Train,20.3088,20.284294
Train,1.4768,1.4236342
Train,1.4768,1.430161
Train,3.7043,3.5952652
Train,12.0269,12.065733
Train,16.2866,16.36565
Train,5.0909,5.0013433
Train,2.9418,3.0935845
Train,16.6718,16.539295
Train,1.319,1.2822632
Train,0.96,0.9427869
Train,0.96,0.9534082
Train,1.219,1.1809428
Train,1.4768,1.4499933
Train,5.0869,5.133263
Train,2.219,2.1338217
Train,1.119,1.0921888
Train,1.319,1.2944412
Train,3.2058,3.1133444
Train,0.96,0.96131843
Train,1.478,1.467897
Train,16.3089,16.305054
Train,1.6495,1.6150028
Train,8.9461,8.825742
Train,0.96,0.9513369
Train,1.019,1.0003382
Train,18.3087,18.406425
Train,2.9688,2.9026015
Train,5.9058,5.793521
Train,2.3495,2.3451035
Train,1.519,1.507984
Train,16.7352,17.01691
Train,6.3256,6.363382
Train,1.719,1.7014716
Train,13.1354,13.2770195
Train,13.604,13.591653
Train,2.4331,2.6109176
Train,15.2865,15.193293
Train,3.1336,3.0265038
Train,1.0495,1.0323974
Train,2.219,2.1793747
Train,7.7909,7.792336
Train,4.1058,4.0374293
Train,1.4768,1.4635766
Train,6.1044,6.0121603
Train,2.4495,2.3743007
Train,10.3643,10.339056
Train,15.2866,15.386543
Train,7.7995,7.6156425
Train,6.251,6.1199794
Train,17.2865,17.379387
Train,0.96,0.9330085
Train,4.0963,3.9489388
Train,5.9909,5.8920913
Train,6.5461,6.453906
Train,1.6495,1.656802
Train,1.319,1.301104
Train,2.119,1.9412637
Train,2.5963,2.3916814
Train,1.4768,1.4855465
Train,1.7867,1.7453008
Train,15.2509,15.260693
Train,14.3509,14.283077
Train,10.073,10.071365
Train,13.2865,13.146581
Train,5.6269,5.6310587
Train,15.3091,15.375277
Train,1.8495,1.8273356
Train,8.691,8.70923
Train,4.3034,4.2603426
Train,1.9876,1.9147938
Train,10.4608,10.819565
Train,1.3495,1.3251327
Train,14.3509,14.288034
Train,9.9395,9.997771
Train,2.219,2.2602344
Train,2.9418,2.9902701
Train,2.319,2.2700973
Train,4.4058,4.36188
Train,2.6418,2.7952716
Train,2.0495,2.0080965
Train,3.6423,3.7355716
Train,5.8361,5.8168283
Train,17.0684,17.285538
Train,3.2058,3.195477
Train,1.919,1.8601067
Train,0.96,0.9488602
Train,1.4876,1.4928873
Train,10.073,10.030478
Train,6.0963,5.8315988
Train,5.5643,5.376822
Train,15.4731,15.366283
Train,2.219,2.1505687
Train,15.6718,15.585618
Train,3.5439,3.3701363
Train,0.96,0.9347791
Train,0.96,0.9422304
Train,13.672,13.722903
Train,1.2495,1.2454667
Train,16.2867,16.389153
Train,4.4508,4.2320676
Train,1.4768,1.4627912
Train,1.478,1.441299
Train,8.951,8.782554
Train,7.3733,7.500295
Train,0.96,0.8989189
Train,1.7963,1.8455607
Train,16.2001,16.436378
Train,3.8418,4.2641172
Train,11.1866,11.031944
Train,4.6861,4.5463104
Train,11.3909,11.351163
Train,1.019,1.0010474
Train,0.96,0.9427869
Train,19.3088,19.29081
Train,1.4855,1.4379352
Train,17.0684,17.09458
Train,3.6423,3.7129369
Train,9.0868,8.9686575
Train,0.96,0.9482412
Train,12.7643,12.710499
Train,16.2002,16.080929
Train,14.2867,14.36609
Train,6.473,6.406997
Train,1.8495,1.8273356
Train,0.96,0.9033753
Train,0.119,0.12487223
Train,1.919,1.9631176
Train,2.219,2.1153712
Train,2.119,2.1938028
Train,0.96,0.96354
Train,3.3526,3.2136385
Train,10.6828,10.63218
Train,0.96,0.9483785
Train,16.3088,16.24559
Train,5.1633,5.032771
Train,2.4331,2.618269
Train,11.613,11.594551
Train,1.219,1.20585
Train,19.3091,19.28776
Train,10.4909,10.515738
Train,2.219,2.2755055
Train,1.6855,1.6694502
Train,3.8418,4.2568407
Train,18.2866,18.32901
Train,1.4768,1.4412799
Train,2.2495,2.2455447
Train,14.3132,14.292131
Train,14.2865,14.319103
Train,13.2867,13.275197
Train,1.5855,1.5481472
Train,18.4536,18.498222
Train,4.7058,4.6394935
Train,2.6418,2.6517422
Train,12.082,12.13624
Train,17.0682,17.055082
Train,2.365,2.393063
Train,16.2867,16.283964
Train,17.1,17.375584
Train,1.7855,1.8009381
Train,2.6418,2.7858164
Train,1.7495,1.7359359
Train,17.2042,17.230661
Train,1.419,1.4129994
Train,14.504,14.483341
Train,1.4768,1.4821607
Train,4.5149,4.847363
Train,11.3909,11.321407
Train,1.019,1.0042186
Train,5.7903,5.6804585
Train,8.9508,8.79418
Train,0.919,0.90285033
Train,5.3526,5.119188
Train,12.2869,12.237991
Train,1.519,1.503818
Train,3.3688,3.344551
Train,7.1645,7.218798
Train,6.891,6.885032
Train,3.5509,3.449511
Train,1.4768,1.4603354
Train,12.2909,12.249216
Train,2.5495,2.5246153
Train,1.819,1.8264266
Train,9.5643,9.52441
Train,1.5876,1.5287352
Train,2.019,2.2335525
Train,9.5909,9.521841
Train,7.7909,7.716703
Train,8.0508,7.907608
Train,10.1044,10.129974
Train,10.05,10.00515
Train,2.5495,2.5019295
Train,6.251,6.186972
Train,13.5,13.458218
Train,0.719,0.7314611
Train,0.96,0.91550463
Train,14.5635,14.717252
Train,13.25,13.2656
Train,6.6869,6.5607886
Train,9.8131,9.760071
Train,3.8058,3.731276
Train,1.2495,1.2193272
Train,1.0495,1.0287166
Train,3.2058,3.2380176
Train,9.8869,9.78374
Train,0.96,0.9451384
Train,1.2495,1.2331518
Train,12.551,12.456764
Train,1.4768,1.4641606
Train,10.3362,10.404007
Train,1.819,1.7809315
Train,8.1597,8.032262
Train,1.478,1.4983337
Train,2.665,2.6069632
Train,1.519,1.5318484
Train,16.672,16.57412
Train,1.4768,1.4491159
Train,0.96,0.94845694
Train,1.8495,1.8362153
Train,1.4768,1.4363854
Train,0.9495,0.9332791
Train,5.0963,4.863677
Train,1.119,1.0956318
Train,0.96,0.93821424
Train,15.473,15.50822
Train,13.0361,13.081498
Train,0.96,0.9617298
Train,1.9855,2.032452
Train,12.5131,12.361454
Train,2.9058,2.860197
Train,2.1855,2.218912
Train,12.5509,12.436201
Train,4.7643,4.4877315
Train,1.5855,1.5562351
Train,1.5495,1.5614903
Train,1.4855,1.4661543
Train,1.478,1.4620318
Train,1.4768,1.4587035
Train,1.119,1.0825406
Train,15.2867,15.406543
Train,1.5855,1.5631973
Train,2.5304,2.539752
Train,2.5495,2.514655
Train,2.219,2.1508985
Train,1.4768,1.4638181
Train,14.9673,14.766443
Train,1.119,1.1031326
Train,16.2866,16.310844
Train,1.478,1.4542978
Train,6.8909,6.8295856
Train,0.96,0.9466993
Train,0.96,0.95712787
Train,2.5322,2.9531078
Train,2.9034,2.8288026
Train,1.5855,1.6018274
Train,9.5908,9.520161
Train,6.85,6.952248
Train,8.5266,8.412935
Train,6.2511,6.347134
Train,16.3087,16.44372
Train,2.119,2.1536422
Train,6.6868,6.5607886
Train,1.4855,1.4616944
Train,14.4001,14.516988
Train,20.3091,20.298363
Train,2.5304,2.5116928
Train,3.1866,3.2230945
Train,5.1633,5.0615726
Train,1.119,1.0899415
Train,2.643,2.60095
Train,0.9495,0.9305391
Train,11.2361,11.270307
Train,15.251,15.216858
Train,12.5509,12.440177
Train,1.919,2.0985718
Train,4.673,4.779729
Train,8.6909,8.70923
Train,1.819,1.6862904
Train,5.6533,5.578904
Train,3.3526,3.125692
Train,1.419,1.4289411
Train,1.319,1.3082881
Train,12.2869,12.675669
Train,10.4606,10.437316
Train,4.1917,4.354302
Train,8.0509,7.9552045
Train,3.9866,4.0602603
Train,2.019,2.103805
Train,14.573,14.577063
Train,1.2495,1.2434589
Train,12.2909,12.265535
Train,5.0608,5.3517604
Train,1.4768,1.472894
Train,0.96,0.9483785
Train,1.4768,1.4553641
Train,0.96,0.9434044
Train,6.8499,6.874001
Train,18.0685,18.101013
Train,1.319,1.3119569
Train,2.319,2.26387
Train,1.4768,1.4320283
Train,7.9645,7.868785
Train,19.3087,19.425713
Train,1.6855,1.653535
Train,1.819,1.8044262
Train,2.5495,2.5576103
Train,1.4768,1.4706208
Train,16.3087,16.365108
Train,10.7396,10.694998
Train,17.2733,17.36555
Train,2.019,1.8479329
Train,19.0904,19.151749
Train,1.619,1.618527
Train,2.119,1.9720199
Train,2.1495,2.1016433
Train,0.219,0.1825622
Train,6.4733,6.6228986
Train,3.7688,3.6128464
Train,1.7963,1.8464805
Train,1.419,1.3425884
Train,15.7995,16.017668
Train,5.9909,5.9501376
Train,3.2439,3.0710711
Train,0.96,1.0053397
Train,12.1362,12.20017
Train,11.6131,11.455869
Train,2.2855,2.4105968
Train,0.119,0.09281907
Train,2.965,2.9016662
Train,11.6508,11.544992
Train,13.8223,13.888327
Train,1.119,1.0837827
Train,1.319,1.2493432
Train,2.1495,2.1215186
Train,1.6876,1.5549934
Train,11.1645,11.172083
Train,2.419,2.3262968
Train,1.4768,1.457015
Train,2.5963,2.4088717
Train,1.719,1.5978825
Train,1.6855,1.7203845
Train,1.219,1.1689236
Train,9.1731,9.051315
Train,1.4768,1.4640404
Train,2.3867,2.398884
Train,1.619,1.7038174
Train,1.119,1.0875707
Train,3.5508,3.363596
Train,11.651,11.58239
Train,5.991,5.942569
Train,5.3526,5.283044
Train,0.96,0.9467086
Train,0.96,0.9375219
Train,2.319,2.3659244
Train,3.8058,3.7784305
Train,14.3089,14.291942
Train,17.6352,17.93684
Train,2.219,2.2396908
Train,14.6718,14.640849
Train,2.219,2.13553
Train,1.319,1.2710707
Train,8.6559,8.650999
Train,7.151,7.1241717
Train,1.4768,1.4541929
Train,15.1643,15.174599
Train,17.3087,17.430191
Train,14.313,14.44342
Train,15.2867,15.374847
Train,11.6132,11.567131
Train,2.9963,2.9157448
Train,1.4855,1.4770873
Train,16.6361,16.701227
Train,0.96,0.9505057
Train,1.4768,1.43703
Train,16.2869,16.557959
Train,5.3058,5.282893
Train,2.0495,2.029879
Train,2.119,2.0337236
Train,10.3866,10.248532
Train,3.7688,3.6153517
Train,13.2499,13.336138
Train,1.9855,2.0011694
Train,1.4768,1.4860709
Train,3.5058,3.4332688
Train,13.4131,13.374773
Train,0.96,0.92772347
Train,1.4768,1.4846144
Train,2.519,2.5849934
Train,14.0674,14.146669
Train,1.4855,1.521942
Train,1.619,1.611053
Train,0.819,0.7898362
Train,0.519,0.48439413
Train,4.2256,4.358667
Train,12.4856,12.505217
Train,0.319,0.29332882
Train,9.8508,9.64589
Train,19.3087,19.45391
Train,1.719,1.7195153
Train,2.0876,2.0436594
Train,5.6256,5.567145
Train,7.791,7.792336
Train,1.7855,1.7820966
Train,6.213,6.222372
Train,0.96,0.95224434
Train,2.3855,2.3930368
Train,1.019,0.92226595
Train,7.6361,7.5832615
Train,1.8855,1.8696395
Train,1.4768,1.4447819
Train,2.2867,2.3157778
Train,0.96,0.930564
Train,5.4521,5.197149
Train,2.3495,2.3254163
Train,6.4269,6.2791657
Train,0.119,0.10072706
Train,1.9855,2.0291276
Train,1.1495,1.1482701
Train,16.5225,16.593521
Train,1.519,1.5853301
Train,0.96,0.9442802
Train,1.019,1.01819
Train,16.6361,16.513378
Train,1.919,1.8742318
Train,9.4362,9.495833
Train,1.478,1.4600786
Train,0.96,0.93954116
Train,2.119,2.03225
Train,7.65,7.6971507
Train,17.1001,17.374678
Train,9.8509,9.751492
Train,16.7353,16.835217
Train,1.219,1.1828854
Train,3.5058,3.5121179
Train,4.1058,4.107908
Train,0.819,0.78638977
Train,1.919,1.9062237
Train,1.4495,1.4176853
Train,12.5509,12.446314
Train,0.96,0.92265517
Train,8.6908,8.63305
Train,0.96,0.93086606
Train,4.9526,4.7740636
Train,8.5044,8.441243
Train,7.2269,7.1611476
Train,1.4768,1.4618464
Train,10.5461,10.6368265
Train,13.5001,13.582989
Train,0.419,0.37725633
Train,0.96,0.947812
Train,10.9995,10.974789
Train,2.0867,2.0905545
Train,9.813,9.826291
Train,0.96,0.9411859
Train,1.3495,1.3213447
Train,1.219,1.2039795
Train,2.2495,2.2063613
Train,1.319,1.2581366
Train,10.751,10.83595
Train,8.9461,9.006115
Train,1.319,1.2962669
Train,7.0963,6.939466
Train,0.319,0.31734627
Train,8.6908,8.61651
Train,1.419,1.4970226
Train,1.519,1.4649489
Train,1.619,1.6688919
Train,5.0058,5.16955
Train,4.4511,4.512282
Train,1.4768,1.475394
Train,2.219,2.0690987
Train,0.96,0.9368407
Train,1.4768,1.4626744
Train,6.2058,6.2823386
Train,20.0904,20.154663
Train,1.819,1.6851516
Train,9.591,9.661051
Train,14.3131,14.292131
Train,0.96,0.9373451
Train,7.9828,8.046578
Train,2.3495,2.3848007
Train,2.6509,2.6414254
Train,3.5058,3.4213233
Train,1.5855,1.5650811
Train,0.96,0.94796175
Train,6.4731,6.4145484
Train,3.5058,3.530194
Train,2.5963,2.4759827
Train,0.96,0.92373365
Train,8.2459,8.222544
Train,15.3,15.173641
Train,2.319,2.360119
Train,1.619,1.5554056
Train,1.4768,1.4515197
Train,1.4768,1.4510381
Train,8.7866,8.884565
Train,0.96,0.9327362
Train,2.2495,2.2071457
Train,1.4768,1.4582556
Train,12.7459,12.782873
Train,0.96,0.93916386
Train,1.619,1.5622568
Train,7.6743,7.706637
Train,1.6495,1.637288
Train,11.391,11.429109
Train,1.7963,1.86186
Train,1.619,1.5959519
Train,1.719,1.6179007
Train,2.019,2.020804
Train,8.051,7.9739995
Train,3.6034,3.5572104
Train,4.4058,4.350187
Train,0.96,0.9521983
Train,16.373,16.499298
Train,17.3088,17.131113
Train,13.4508,13.292481
Train,0.919,0.84458786
Train,2.319,2.2859664
Train,4.7866,4.8552327
Train,4.4058,4.4231143
Train,12.9225,12.953789
Train,1.4768,1.4590998
Train,1.219,1.1838068
Train,2.6508,2.659131
Train,15.9817,16.063745
Train,5.746,5.651697
Train,2.1867,2.1996782
Train,1.6495,1.6313546
Train,2.6418,2.704713
Train,5.0058,4.969004
Train,7.7043,7.6940355
Train,8.2761,8.265333
Train,17.3088,17.22176
Train,4.1533,4.2053065
Train,1.4768,1.447319
Train,1.419,1.3915721
Train,12.7645,12.611262
Train,2.665,2.6301723
Train,16.2867,16.36565
Train,7.7044,7.625959
Train,1.419,1.4089217
Train,0.319,0.27663794
Train,1.4855,1.4361771
Train,2.9304,2.7690675
Train,10.3361,10.350155
Train,1.919,1.8585505
Train,3.5058,3.4347527
Train,15.1645,15.071442
Train,11.1866,11.233999
Train,1.4768,1.4761513
Train,1.7495,1.7403008
Train,1.219,1.0927262
Train,8.9508,8.8401375
Train,9.8131,9.751065
Train,2.2331,2.316854
Train,0.96,0.93358046
Train,5.5866,5.5275474
Train,2.2495,2.2061605
Train,6.2132,6.313933
Train,1.619,1.5923383
Train,10.9459,10.886944
Train,10.1043,10.19619
Train,7.7044,7.667812
Train,0.96,0.9577877
Train,0.619,0.5895301
Train,1.319,1.3704798
Train,10.1044,10.129008
Train,1.5855,1.547329
Train,0.519,0.4728359
Train,13.9361,13.987747
Train,17.2866,17.209076
Train,2.3495,2.3050377
Train,6.1995,5.8371873
Train,6.1043,5.961004
Train,3.8058,3.819881
Train,14.3643,14.400942
Train,3.3526,3.1295788
Train,1.4768,1.4835033
Train,0.96,0.93773466
Train,10.973,10.92936
Train,1.819,1.6806217
Train,1.4768,1.443939
Train,1.8876,1.7722182
Train,10.5462,10.649008
Train,4.5526,4.361404
Train,6.7396,6.60282
Train,10.4908,10.409952
Train,5.9058,5.85312
Train,6.8908,6.7332006
Train,11.4869,11.42089
Train,5.0908,4.960484
Train,2.9963,2.8481123
Train,15.3002,15.158077
Train,13.5643,13.586909
Train,1.519,1.5283433
Train,0.96,0.9359874
Train,2.3855,2.5252008
Train,0.96,0.9260892
Train,2.1867,2.109624
Train,0.96,0.9334325
Train,0.96,0.95437115
Train,10.713,10.69877
Train,2.0867,2.0960844
Train,1.819,1.7575564
Train,1.6495,1.632407
Train,1.4768,1.4396895
Train,4.5816,4.7671437
Train,1.4768,1.4352226
Train,11.1643,11.153282
Train,1.4495,1.4271612
Train,3.8559,3.8810086
Train,3.346,3.2995994
Train,3.9866,3.9464464
Train,7.3459,7.2685437
Train,16.2866,16.373032
Train,1.919,1.85287
Train,1.519,1.6127472
Train,3.8058,3.9004633
Train,0.96,0.9260892
Train,16.1511,16.21954
Train,11.5828,11.494385
Train,2.319,2.2695987
Train,2.219,2.1424317
Train,2.6201,2.6705637
Train,3.2058,3.1398048
Train,1.9876,1.8930883
Train,7.3761,7.299483
Train,15.6225,15.630545
Train,8.7645,8.615431
Train,4.1688,4.094159
Train,1.019,1.0003382
Train,14.9995,15.2303505
Train,0.96,0.9641047
Train,0.96,0.95669776
Train,9.5909,9.612545
Train,9.4361,9.4355135
Train,3.8418,4.2376385
Train,10.7131,10.687799
Train,11.346,11.245255
Train,0.9495,0.92269164
Train,0.819,0.7946571
Train,14.9673,14.980975
Train,3.1866,3.327281
Train,5.0058,4.9360967
Train,15.2508,15.098602
Train,11.5858,11.486339
Train,1.419,1.3988147
Train,2.5304,2.5127206
Train,6.2508,6.1465983
Train,8.9509,8.851561
Train,1.9495,1.9249604
Train,4.5963,4.399072
Train,1.719,1.6786801
Train,5.8869,5.767955
Train,5.2743,5.481644
Train,2.1495,2.131073
Train,9.3044,9.294029
Train,5.3526,5.1800585
Train,8.7866,8.693946
Train,6.3866,6.2955194
Train,8.7643,8.698978
Train,1.6867,1.6557271
Train,1.6495,1.64182
Train,14.351,14.474484
Train,1.7855,1.7871492
Train,1.4768,1.4684927
Train,2.3855,2.5655122
Train,13.6731,13.529182
Train,7.6499,7.4713826
Train,14.2869,14.34817
Train,2.319,2.3011036
Train,10.7093,10.71439
Train,0.9495,0.93116087
Train,0.96,0.9472453
Train,14.8361,14.922211
Train,12.6,12.758218
Train,1.719,1.6996226
Train,1.4768,1.4626052
Train,1.6495,1.6412053
Train,18.3088,18.224867
Train,1.4768,1.4584746
Train,1.019,1.047733
Train,1.919,2.0949087
Train,1.319,1.2813189
Train,1.5495,1.5357993
Train,18.5353,18.746733
Train,8.0131,7.9748425
Train,1.4768,1.4575257
Train,18.3089,18.194881
Train,1.478,1.4261264
Train,1.519,1.580427
Train,7.983,7.9612193
Train,14.0673,13.96001
Train,1.519,1.4731649
Train,12.6002,12.515643
Train,10.8743,10.913034
Train,1.7867,1.7577091
Train,9.6268,9.648943
Train,14.9352,15.161464
Train,1.4768,1.4601667
Train,14.351,14.230257
Train,10.2861,10.193672
Train,1.4867,1.4949752
Train,4.3034,4.2119794
Train,2.3495,2.2964847
Train,5.7462,5.885637
Train,1.219,1.2495649
Train,2.1495,2.1729922
Train,7.1643,7.097449
Train,3.8058,3.8484
Train,18.3087,18.30449
Train,1.4768,1.4747436
Train,5.8361,5.682608
Train,0.919,0.8770539
Train,2.319,2.498235
Train,2.3495,2.3290734
Train,2.219,2.099894
Train,9.7462,9.856
Train,0.619,0.57017
Train,7.0861,7.0458555
Train,1.519,1.6043854
Train,1.419,1.383616
Train,2.319,2.2413216
Train,13.0361,12.8924885
Train,2.1495,2.1295922
Train,0.819,0.7839919
Train,1.719,1.8491828
Train,2.3963,2.2511811
Train,2.665,2.6214917
Train,0.96,0.9325426
Train,2.3855,2.5549595
Train,13.2866,13.235001
Train,1.619,1.645802
Train,1.219,1.1895078
Train,1.4768,1.4504448
Train,3.265,3.2421227
Train,17.0684,17.063349
Train,5.6058,5.6203027
Train,0.9495,0.91619724
Train,1.8855,1.9049338
Train,5.1633,5.1297174
Train,13.6733,13.723524
Train,1.019,0.99265784
Train,1.4768,1.464373
Train,1.019,1.0016223
Train,1.419,1.3915721
Train,2.319,2.2130973
Train,17.3087,17.319878
Train,1.3495,1.3436852
Train,3.5418,3.8245304
Train,1.9876,1.8657258
Train,1.4768,1.4705635
Train,0.96,0.9544081
Train,18.0683,18.045254
Train,1.4768,1.4634825
Train,1.4495,1.4137341
Train,1.4768,1.5253296
Train,1.9867,2.0101147
Train,13.451,13.342311
Train,1.519,1.4185047
Train,2.2495,2.2787037
Train,1.719,1.6030166
Train,2.019,1.9166734
Train,1.4768,1.4660614
Train,9.4559,9.477072
Train,1.8495,1.8026977
Train,8.946,8.825742
Train,1.719,1.7099125
Train,14.4004,14.508038
Train,0.96,0.9557281
Train,17.2865,17.181469
Train,2.9439,2.7318392
Train,2.219,2.2983782
Train,5.3526,5.1173663
Train,1.478,1.4681445
Train,1.4768,1.4545405
Train,1.6876,1.5667908
Train,1.7855,1.7823184
Train,12.4828,12.408549
Train,7.9643,7.890654
Train,1.4768,1.4551913
Train,1.4768,1.4606763
Train,3.8058,3.815579
Train,2.5495,2.5589285
Train,18.2866,18.190434
Train,1.419,1.3374733
Train,2.219,2.159159
Train,11.6508,11.484674
Train,16.3733,16.478865
Train,11.7044,11.760195
Train,18.173,18.262617
Train,9.7461,9.821489
Train,9.7828,9.794547
Train,15.682,15.651541
Train,12.5131,12.468182
Train,0.9495,0.9507219
Train,7.6741,7.6214566
Train,15.4869,15.475162
Train,0.96,0.93561655
Train,16.1508,16.021688
Train,2.4495,2.429232
Train,1.219,1.1894867
Train,1.4768,1.5001059
Train,6.8909,6.885032
Train,1.719,1.6548276
Train,1.719,1.5958747
Train,8.5044,8.461634
Train,3.4169,3.3208396
Train,2.1855,2.2374954
Train,0.96,0.9508111
Train,12.513,12.529394
Train,15.9817,16.018213
Train,1.519,1.4851519
Train,3.8058,3.7408383
Train,2.9418,2.9810233
Train,1.4768,1.4513671
Train,3.2058,3.1382658
Train,2.119,1.9750228
Train,1.419,1.3549837
Train,1.4768,1.4322628
Train,3.2909,3.2322917
Train,0.96,0.87685174
Train,14.3509,14.279151
Train,2.0495,2.00308
Train,1.0129,0.99154395
Train,1.4768,1.4211535
Train,1.478,1.4961253
Train,5.1533,4.9833584
Train,5.9908,5.9086227
Train,13.2867,13.288327
Train,4.0169,3.9893317
Train,9.3043,9.364052
Train,2.119,2.161395
Train,5.5963,5.3537107
Train,9.3995,9.322596
Train,2.7336,2.626809
Train,15.7362,15.876437
Train,1.4768,1.4786638
Train,0.96,0.933513
Train,16.3043,16.328684
Train,1.919,1.8943772
Train,1.4855,1.5006758
Train,1.9963,1.9448471
Train,5.573,5.549316
Train,2.019,1.9194453
Train,9.3266,9.283319
Train,15.3004,15.3693905
Train,1.919,1.8905256
Train,1.4768,1.4428866
Train,1.919,1.85419
Train,1.5495,1.5130433
Train,0.96,0.96423274
Train,2.0495,2.0268095
Train,11.2269,11.2530155
Train,1.4768,1.462984
Train,8.9131,8.889766
Train,1.4768,1.4603128
Train,2.9963,2.8222928
Train,16.2865,16.300467
Train,13.5004,13.591028
Train,2.0495,2.0338461
Train,0.96,0.94600147
Train,2.119,2.149057
Train,2.1867,2.1901681
Train,3.2418,3.4820614
Train,2.0876,2.0268137
Train,11.182,11.231102
Train,13.451,13.355001
Train,1.619,1.504132
Train,1.819,1.7800301
Train,7.2268,7.1611476
Train,4.5526,4.2538004
Train,2.4331,2.6376019
Train,2.119,1.9883442
Train,1.6495,1.6490736
Train,5.573,5.605229
Train,2.9058,2.8293605
Train,19.0907,19.162338
Train,1.4768,1.4569062
Train,1.919,1.7934787
Train,4.4058,4.4196143
Train,1.819,1.9686244
Train,2.019,2.0207253
Train,2.2855,2.371578
Train,0.96,0.91996855
Train,3.2439,2.9948287
Train,1.4768,1.4723802
Train,2.5963,2.675973
Train,14.3131,14.243634
Train,3.5058,3.5460634
Train,0.96,0.93309873
Train,13.2865,13.2850895
Train,1.4768,1.4528004
Train,0.96,0.95939976
Train,0.719,0.7171294
Train,1.919,1.8961655
Train,11.8761,11.832619
Train,0.96,0.92102736
Train,4.7058,4.7570624
Train,12.513,12.544417
Train,2.119,1.9397025
Train,9.851,9.700364
Train,1.819,1.7980906
Train,13.673,13.702806
Train,13.6732,13.714621
Train,1.4768,1.4495256
Train,3.2439,3.0764394
Train,1.319,1.2962669
Train,2.6495,2.7138731
Train,15.3001,15.432239
Train,14.313,14.454123
Train,10.0732,10.057328
Train,3.2908,3.2322905
Train,2.019,1.9594779
Train,3.2908,3.1861951
Train,2.6418,2.7312038
Train,3.2418,3.3115764
Train,10.9731,10.776245
Train,7.9643,7.890823
Test,1.4768,1.4325969
Test,1.4768,1.4377369
Test,1.4768,1.442404
Test,1.4768,1.4464265
Test,1.4768,1.4476957
Test,1.4768,1.4514267
Test,1.4768,1.4528748
Test,1.4768,1.4470704
Test,1.4768,1.4336452
Test,1.4768,1.4388796
Test,1.4768,1.4552866
Test,1.4876,1.4715421
Test,1.5876,1.5020782
Test,1.6876,1.5562938
Test,1.7876,1.6563137
Test,1.8876,1.7730793
Test,1.9876,1.8863816
Test,2.0876,2.028851
Test,2.3439,2.2128472
Test,2.6439,2.41524
Test,2.9439,2.6505625
Test,3.2439,3.0207715
Test,3.5439,3.373127
Test,3.8439,3.7872884
Test,4.1439,4.2194057
Test,4.5045,4.7671437
Test,5.3045,5.3193965
Test,6.1045,6.0121603
Test,6.9045,6.8267007
Test,7.7045,7.625959
Test,8.5045,8.441243
Test,9.3045,9.268617
Test,10.1045,10.091943
Test,10.9045,10.921011
Test,11.7045,11.760195
Test,12.6002,12.691029
Test,13.5002,13.65159
Test,14.4002,14.544159
Test,15.3002,15.432239
Test,16.2002,16.38866
Test,17.1002,17.368277
Test,0.119,0.139972
Test,0.219,0.21016994
Test,0.319,0.2990015
Test,0.419,0.39612627
Test,0.519,0.47421885
Test,0.619,0.5726006
Test,0.719,0.6942093
Test,0.819,0.7949668
Test,0.919,0.88138825
Test,1.019,0.99124306
Test,1.119,1.0980468
Test,1.219,1.203201
Test,1.319,1.3104763
Test,1.419,1.4213433
Test,1.519,1.5152977
Test,1.619,1.6119075
Test,1.719,1.7025943
Test,1.819,1.7961812
Test,1.919,1.9064838
Test,2.019,2.0287702
Test,2.119,2.1482115
Test,2.219,2.2980022
Test,2.365,2.4237077
Test,2.665,2.6301723
Test,2.965,2.8999639
Test,3.265,3.2421227
Test,3.886,3.7438915
Test,4.686,4.5463104
Test,5.486,5.4133444
Test,6.286,6.2480197
Test,7.086,7.0458555
Test,7.886,7.830191
Test,8.686,8.614956
Test,9.486,9.398673
Test,10.286,10.193672
Test,11.1817,11.074426
Test,12.0817,11.995396
Test,12.9817,12.949907
Test,13.8817,13.817047
Test,14.7817,14.651002
Test,15.6817,15.508454
Test,1.4768,1.4578772
Test,1.4768,1.4619484
Test,1.4768,1.461892
Test,1.4768,1.4611583
Test,1.4768,1.459484
Test,1.4768,1.460095
Test,1.4768,1.4587578
Test,1.4768,1.4484559
Test,1.4768,1.4330621
Test,1.4768,1.441051
Test,1.4768,1.4618567
Test,1.4768,1.4761983
Test,1.4768,1.4987738
Test,1.4768,1.5397503
Test,1.519,1.6258909
Test,1.619,1.723692
Test,1.719,1.8168825
Test,1.819,1.9006574
Test,1.919,1.9996326
Test,2.019,2.111504
Test,2.119,2.215047
Test,2.2331,2.3448792
Test,2.4331,2.6369877
Test,3.0062,3.086076
Test,3.7043,3.6054926
Test,4.5043,4.3034987
Test,5.3043,5.0961857
Test,6.1043,5.966111
Test,6.9043,6.844281
Test,7.7043,7.665201
Test,8.5043,8.499129
Test,9.3043,9.341997
Test,10.1043,10.172337
Test,10.9043,10.995613
Test,11.7043,11.85376
Test,12.6,12.797529
Test,13.5,13.756837
Test,14.4,14.6304035
Test,15.3,15.504959
Test,16.2,16.454853
Test,17.1,17.435041
Test,1.4768,1.4447565
Test,1.4768,1.4544616
Test,1.4768,1.4548573
Test,1.4768,1.4592698
Test,1.4768,1.4640436
Test,1.4768,1.4678692
Test,1.4768,1.4691145
Test,1.4768,1.4691397
Test,1.4768,1.4600661
Test,1.4768,1.461756
Test,1.4768,1.4628879
Test,1.4768,1.4552433
Test,1.4768,1.4604604
Test,1.4768,1.4851168
Test,1.519,1.5596426
Test,1.619,1.6411092
Test,1.719,1.7245601
Test,1.819,1.8151004
Test,1.919,1.9228132
Test,2.019,2.0411606
Test,2.119,2.2090902
Test,2.3336,2.4221096
Test,2.8169,2.7926564
Test,3.4169,3.267718
Test,4.0169,3.8840213
Test,4.6169,4.529941
Test,5.3044,5.22199
Test,6.1044,5.9825
Test,6.9044,6.821073
Test,7.7044,7.5784698
Test,8.5044,8.345011
Test,9.3044,9.126852
Test,10.1044,9.952113
Test,10.9044,10.761693
Test,11.7044,11.594537
Test,12.6001,12.478408
Test,13.5001,13.355354
Test,14.4001,14.215424
Test,15.3001,15.091615
Test,16.2001,16.0205
Test,17.1001,16.986856
Test,0.119,0.12305001
Test,0.219,0.1933097
Test,0.319,0.29054052
Test,0.419,0.40143564
Test,0.519,0.51392335
Test,0.619,0.61998314
Test,0.719,0.72816306
Test,0.819,0.8193137
Test,0.919,0.9011807
Test,1.019,0.9969651
Test,1.119,1.0892103
Test,1.219,1.1893576
Test,1.319,1.300642
Test,1.419,1.4131458
Test,1.519,1.503818
Test,1.619,1.6051226
Test,1.719,1.703896
Test,1.819,1.7952619
Test,1.919,1.8870697
Test,2.019,1.9752431
Test,2.119,2.0600889
Test,2.219,2.1285896
Test,2.319,2.211879
Test,2.419,2.3542612
Test,2.519,2.5693588
Test,2.619,2.8101084
Test,2.8964,3.1514974
Test,3.6964,3.8015404
Test,4.4964,4.5743637
Test,5.2964,5.303032
Test,6.0964,6.061868
Test,6.8964,6.8296967
Test,7.6964,7.6092334
Test,8.4964,8.450703
Test,9.3225,9.311404
Test,10.2225,10.168664
Test,11.1225,11.043949
Test,12.0225,11.964373
Test,12.9225,12.942873
Test,13.8225,13.954624
Test,14.7225,14.821064
Test,0.9495,0.9306577
Test,1.0495,1.026744
Test,1.1495,1.1325097
Test,1.2495,1.2337902
Test,1.3495,1.3236159
Test,1.4495,1.4183834
Test,1.5495,1.5221412
Test,1.6495,1.6318631
Test,1.7495,1.7336454
Test,1.8495,1.8218479
Test,1.9495,1.9129553
Test,2.0495,2.0140016
Test,2.1495,2.1215186
Test,2.2495,2.224054
Test,2.3495,2.3169618
Test,2.4495,2.4292054
Test,2.5495,2.5413172
Test,2.6495,2.6601274
Test,2.9058,2.8860753
Test,3.2058,3.2065547
Test,3.5058,3.5027986
Test,3.8058,3.7933671
Test,4.1058,4.097867
Test,4.4058,4.431615
Test,4.7058,4.7726836
Test,5.0058,5.1900544
Test,5.5967,5.7139874
Test,6.3967,6.411577
Test,7.1967,7.22304
Test,7.9967,8.014635
Test,8.7967,8.825125
Test,9.5967,9.641876
Test,10.3967,10.430441
Test,11.1967,11.277011
Test,12.0228,12.15245
Test,12.9228,13.053793
Test,13.8228,13.952637
Test,14.7228,14.830343
Test,15.6228,15.736074
Test,16.5228,16.673836
Test,17.4228,17.590101
Test,1.4768,1.4356906
Test,1.4768,1.4428476
Test,1.4768,1.4508519
Test,1.4768,1.4543358
Test,1.4768,1.4600377
Test,1.4768,1.4667091
Test,1.4768,1.4638181
Test,1.4768,1.4626744
Test,1.4768,1.4507658
Test,1.4768,1.466382
Test,1.4768,1.4887447
Test,1.4876,1.5072255
Test,1.5876,1.5287352
Test,1.6876,1.5669914
Test,1.7876,1.657137
Test,1.8876,1.7745887
Test,1.9876,1.8933116
Test,2.0876,2.0439816
Test,2.3439,2.2168574
Test,2.6439,2.4185932
Test,2.9439,2.7325907
Test,3.2439,3.076952
Test,3.5439,3.4286683
Test,3.8439,3.8576016
Test,4.1816,4.3559127
Test,4.7644,4.880658
Test,5.5644,5.5219145
Test,6.3644,6.289053
Test,7.1644,7.1099515
Test,7.9644,7.868785
Test,8.7644,8.615431
Test,9.5644,9.39551
Test,10.3644,10.19239
Test,11.1644,10.997762
Test,11.9644,11.805895
Test,12.7644,12.611262
Test,13.5644,13.431637
Test,14.3644,14.281466
Test,15.1644,15.071442
Test,15.9818,15.936878
Test,16.8818,16.871492
Test,1.4768,1.4403989
Test,1.4768,1.4540591
Test,1.4768,1.4683254
Test,1.4768,1.4670973
Test,1.4768,1.4660432
Test,1.4768,1.4680094
Test,1.4768,1.4607304
Test,1.4768,1.4511669
Test,1.4768,1.4280052
Test,1.4768,1.4265331
Test,1.4768,1.4331362
Test,1.4768,1.434849
Test,1.4768,1.4370334
Test,1.4768,1.4578426
Test,1.519,1.5241742
Test,1.619,1.6036452
Test,1.719,1.6840515
Test,1.819,1.7769339
Test,1.919,1.8995087
Test,2.019,2.030592
Test,2.119,2.1899533
Test,2.3336,2.405089
Test,2.7336,2.693782
Test,3.1643,3.095027
Test,3.9643,3.6682746
Test,4.7643,4.431936
Test,5.5643,5.2893767
Test,6.3643,6.1499295
Test,7.1643,6.9914494
Test,7.9643,7.7515473
Test,8.7643,8.566426
Test,9.5643,9.3771305
Test,10.3643,10.201163
Test,11.1643,11.022669
Test,11.9643,11.828347
Test,12.7643,12.623308
Test,13.5643,13.429674
Test,14.3643,14.245591
Test,15.1643,14.973535
Test,15.9817,15.763626
Test,16.8817,16.632278
Test,0.119,0.13011572
Test,0.219,0.21592724
Test,0.319,0.33046627
Test,0.419,0.44435382
Test,0.519,0.5424797
Test,0.619,0.63899237
Test,0.719,0.741402
Test,0.819,0.8217111
Test,0.919,0.9034881
Test,1.019,1.0089982
Test,1.119,1.1050963
Test,1.219,1.2034309
Test,1.319,1.3003843
Test,1.419,1.3918848
Test,1.519,1.4938532
Test,1.619,1.5940636
Test,1.719,1.6945496
Test,1.819,1.7928693
Test,1.919,1.8879306
Test,2.019,1.9755893
Test,2.119,2.0668867
Test,2.219,2.1551843
Test,2.319,2.2408175
Test,2.419,2.425389
Test,2.519,2.679794
Test,2.619,2.9762924
Test,3.1867,3.4742815
Test,3.9867,4.206691
Test,4.7867,5.047265
Test,5.5867,5.8085146
Test,6.3867,6.61186
Test,7.1867,7.408427
Test,7.9867,8.191284
Test,8.7867,8.979483
Test,9.5867,9.756254
Test,10.3867,10.516755
Test,11.1867,11.26766
Test,11.9867,12.04466
Test,12.7867,12.89701
Test,13.6041,13.812735
Test,14.5041,14.702526
Test,1.4768,1.427427
Test,1.4768,1.4360714
Test,1.4768,1.4457135
Test,1.4768,1.4542645
Test,1.4768,1.4615707
Test,1.4768,1.4627594
Test,1.4768,1.4599223
Test,1.4768,1.4489834
Test,1.4768,1.4396372
Test,1.4768,1.4529201
Test,1.4768,1.4689072
Test,1.4876,1.4834152
Test,1.5876,1.5036721
Test,1.6876,1.5610063
Test,1.7876,1.6706276
Test,1.8876,1.7813205
Test,1.9876,1.9011525
Test,2.0876,2.048627
Test,2.3439,2.2203155
Test,2.6439,2.4296508
Test,2.9439,2.7728014
Test,3.2439,3.1235843
Test,3.5439,3.5352368
Test,3.8439,3.98637
Test,4.1917,4.5101514
Test,4.7646,5.0471015
Test,5.5646,5.7218266
Test,6.3646,6.499759
Test,7.1646,7.317811
Test,7.9646,8.060107
Test,8.7646,8.810295
Test,9.5646,9.593906
Test,10.3646,10.376234
Test,11.1646,11.151989
Test,11.9646,11.939673
Test,12.7646,12.757477
Test,13.5646,13.577229
Test,14.3646,14.42275
Test,15.1646,15.217595
Test,15.982,16.09531
Test,16.882,17.05469
Test,0.9495,0.93333346
Test,1.0495,1.0312191
Test,1.1495,1.1358521
Test,1.2495,1.2315007
Test,1.3495,1.3283554
Test,1.4495,1.4313644
Test,1.5495,1.5348632
Test,1.6495,1.6257107
Test,1.7495,1.7165432
Test,1.8495,1.8103981
Test,1.9495,1.9051698
Test,2.0495,2.00308
Test,2.1495,2.0954673
Test,2.2495,2.1801002
Test,2.3495,2.2783034
Test,2.4495,2.3841581
Test,2.5495,2.4981213
Test,2.6495,2.6299918
Test,2.9058,2.818738
Test,3.2058,3.125901
Test,3.5058,3.4352038
Test,3.8058,3.7342792
Test,4.1058,4.0506825
Test,4.4058,4.408459
Test,4.7058,4.789722
Test,5.087,5.280578
Test,5.887,5.9763474
Test,6.687,6.7525096
Test,7.487,7.5820727
Test,8.287,8.370887
Test,9.087,9.195804
Test,9.887,10.023033
Test,10.687,10.831394
Test,11.487,11.6348295
Test,12.287,12.441837
Test,13.087,13.259487
Test,13.887,14.067471
Test,14.687,14.825385
Test,15.487,15.641824
Test,16.3044,16.51353
Test,17.2044,17.43039
Test,0.96,0.9360251
Test,0.96,0.93214506
Test,0.96,0.93358046
Test,0.96,0.93868595
Test,0.96,0.9343961
Test,0.96,0.92654794
Test,0.96,0.9293582
Test,0.96,0.94260305
Test,0.96,0.95948297
Test,1.019,1.0138626
Test,1.119,1.1005261
Test,1.219,1.2108574
Test,1.319,1.3269457
Test,1.419,1.4552491
Test,1.519,1.5815026
Test,1.619,1.694895
Test,1.719,1.8202099
Test,1.819,1.9633112
Test,1.919,2.1057582
Test,2.019,2.2446861
Test,2.1304,2.3710024
Test,2.5304,2.5044508
Test,2.9304,2.7122452
Test,3.3304,3.0348277
Test,3.7681,3.5196996
Test,4.2681,4.1630235
Test,5.0909,5.0340376
Test,5.9909,5.9523726
Test,6.8909,6.917859
Test,7.7909,7.827401
Test,8.6909,8.757119
Test,9.5909,9.661051
Test,10.4909,10.54553
Test,11.3909,11.429109
Test,12.2909,12.316805
Test,13.2866,13.318583
Test,14.2866,14.36609
Test,15.2866,15.436924
Test,16.2866,16.389153
Test,17.2866,17.382656
Test,18.2866,18.384155
Test,1.4768,1.4475201
Test,1.4768,1.4465286
Test,1.4768,1.4466425
Test,1.4768,1.4545696
Test,1.4768,1.4609022
Test,1.4768,1.4601357
Test,1.4768,1.4577188
Test,1.4768,1.4596823
Test,1.4855,1.4761076
Test,1.5855,1.5676913
Test,1.6855,1.6617862
Test,1.7855,1.762327
Test,1.8855,1.8701687
Test,1.9855,1.990299
Test,2.0855,2.113821
Test,2.1855,2.234718
Test,2.2855,2.3509874
Test,2.3855,2.5078087
Test,2.6418,2.748378
Test,2.9418,3.0557914
Test,3.2418,3.3833568
Test,3.5418,3.8199873
Test,4.2256,4.268755
Test,4.9256,4.8550897
Test,5.6256,5.5167155
Test,6.3256,6.2371473
Test,7.1131,7.0748725
Test,8.0131,7.9790425
Test,8.9131,8.889357
Test,9.8131,9.773384
Test,10.7131,10.6605215
Test,11.6131,11.530534
Test,12.5131,12.444414
Test,13.4131,13.355288
Test,14.3131,14.290814
Test,15.3088,15.297486
Test,16.3088,16.255308
Test,17.3088,17.225374
Test,18.3088,18.235275
Test,19.3088,19.308117
Test,20.3088,20.307796
Test,0.96,0.9365663
Test,0.96,0.92894095
Test,0.96,0.92607445
Test,0.96,0.93929845
Test,0.96,0.9461487
Test,0.96,0.9422757
Test,0.96,0.9341225
Test,0.96,0.93794245
Test,0.96,0.9528584
Test,1.019,1.0078751
Test,1.119,1.0985796
Test,1.219,1.1932952
Test,1.319,1.2893887
Test,1.419,1.3864706
Test,1.519,1.4837697
Test,1.619,1.5737306
Test,1.719,1.6637545
Test,1.819,1.7599783
Test,1.919,1.857223
Test,2.019,1.9417791
Test,2.119,2.0250576
Test,2.219,2.1605017
Test,2.319,2.3731925
Test,2.9035,2.8614266
Test,3.6035,3.518243
Test,4.3035,4.251646
Test,5.091,5.1207404
Test,5.991,6.008994
Test,6.891,6.943215
Test,7.791,7.847092
Test,8.691,8.76221
Test,9.591,9.665415
Test,10.491,10.555946
Test,11.391,11.440158
Test,12.291,12.341935
Test,13.2867,13.331157
Test,14.2867,14.363022
Test,15.2867,15.406543
Test,16.2867,16.36565
Test,17.2867,17.398247
Test,18.2867,18.423302
Test,0.96,0.90273845
Test,0.96,0.9083571
Test,0.96,0.90632504
Test,0.96,0.92492217
Test,0.96,0.9503946
Test,0.96,0.9713034
Test,1.0129,0.9923791
Test,1.1129,1.0236545
Test,1.2129,1.0739648
Test,1.3129,1.1573722
Test,1.4129,1.2792797
Test,1.5129,1.41889
Test,1.6129,1.5693723
Test,1.7129,1.7421547
Test,1.8129,1.9288199
Test,1.9129,2.0979066
Test,2.0129,2.2535396
Test,2.14,2.4887812
Test,2.5963,2.8154645
Test,3.0963,3.2091644
Test,3.5963,3.5841544
Test,4.0963,3.980918
Test,4.5963,4.399394
Test,5.0963,4.8535805
Test,5.5963,5.3238187
Test,6.0963,5.778478
Test,6.5963,6.223674
Test,7.0963,6.7306514
Test,7.5963,7.348644
Test,8.0963,7.961077
Test,8.6607,8.64032
Test,9.5607,9.413255
Test,10.4607,10.285383
Test,11.3607,11.194788
Test,12.2868,12.097918
Test,13.2868,13.031763
Test,14.2868,14.006044
Test,15.2868,15.064228
Test,16.2868,16.04889
Test,17.2868,17.017092
Test,18.2868,18.000593
Test,1.4768,1.430786
Test,1.4768,1.4433417
Test,1.4768,1.4567697
Test,1.4768,1.464373
Test,1.4768,1.4706208
Test,1.4768,1.4761513
Test,1.4768,1.4860709
Test,1.4768,1.5001059
Test,1.4855,1.521942
Test,1.5855,1.6224647
Test,1.6855,1.7203845
Test,1.7963,1.8449657
Test,1.9963,1.9773932
Test,2.1963,2.1329522
Test,2.3963,2.2773342
Test,2.5963,2.422502
Test,2.7963,2.584336
Test,2.9963,2.8217006
Test,3.3526,3.125143
Test,3.7526,3.4825153
Test,4.1526,3.8822527
Test,4.5526,4.253401
Test,4.9526,4.6393285
Test,5.3526,5.119158
Test,5.7526,5.680145
Test,6.4732,6.4143796
Test,7.3732,7.242839
Test,8.2732,8.14933
Test,9.1732,9.051315
Test,10.0732,9.905115
Test,10.9732,10.776244
Test,11.8732,11.65342
Test,12.7732,12.601219
Test,13.6732,13.529182
Test,14.5732,14.442032
Test,15.4732,15.366283
Test,16.3732,16.308243
Test,17.2732,17.212502
Test,18.1732,18.076008
Test,19.0906,19.00845
Test,20.0906,19.959547
Test,0.96,0.96141976
Test,0.96,0.95687455
Test,0.96,0.95829266
Test,0.96,0.95719105
Test,0.96,0.951052
Test,0.96,0.94133085
Test,0.96,0.9361289
Test,0.96,0.94845694
Test,0.96,0.95729095
Test,1.019,1.0107692
Test,1.119,1.0917844
Test,1.219,1.1751305
Test,1.319,1.2679896
Test,1.419,1.3605329
Test,1.519,1.4404993
Test,1.619,1.5264474
Test,1.719,1.6059644
Test,1.819,1.6802778
Test,1.919,1.7628648
Test,2.019,1.8413928
Test,2.119,1.9246321
Test,2.219,2.0411067
Test,2.319,2.2251306
Test,2.6509,2.6158533
Test,3.5509,3.4185772
Test,4.4509,4.309575
Test,5.3509,5.232801
Test,6.2509,6.1465983
Test,7.1509,7.0625343
Test,8.0509,7.935065
Test,8.9509,8.8401375
Test,9.8509,9.7426195
Test,10.7509,10.653854
Test,11.6509,11.547538
Test,12.5509,12.436201
Test,13.4509,13.3614025
Test,14.3509,14.288034
Test,15.2509,15.245986
Test,16.1509,16.189613
Test,17.0683,17.140234
Test,18.0683,18.045254
Test,0.96,0.9710733
Test,0.96,0.96436185
Test,0.96,0.9628026
Test,0.96,0.9616619
Test,0.96,0.95622903
Test,0.96,0.946039
Test,0.96,0.93709105
Test,0.96,0.9434399
Test,0.96,0.9493851
Test,1.019,1.0010474
Test,1.119,1.0834143
Test,1.219,1.1683798
Test,1.319,1.2570243
Test,1.419,1.3441018
Test,1.519,1.4185047
Test,1.619,1.504132
Test,1.719,1.5958747
Test,1.819,1.6851516
Test,1.919,1.7889762
Test,2.019,1.8781483
Test,2.119,1.965915
Test,2.219,2.0952497
Test,2.319,2.2892885
Test,2.6509,2.659131
Test,3.5509,3.4574833
Test,4.4509,4.3455424
Test,5.3509,5.2574453
Test,6.2509,6.152683
Test,7.1509,7.053459
Test,8.0509,7.907608
Test,8.9509,8.795355
Test,9.8509,9.694252
Test,10.7509,10.596901
Test,11.6509,11.487219
Test,12.5509,12.37446
Test,13.4509,13.292481
Test,14.3509,14.215168
Test,15.2509,15.159479
Test,16.1509,16.087074
Test,17.0683,17.055082
Test,18.0683,17.971684
Test,0.96,0.95293134
Test,0.96,0.95624703
Test,0.96,0.95431393
Test,0.96,0.9545277
Test,0.96,0.95180696
Test,0.96,0.951515
Test,0.96,0.96230644
Test,0.96,0.97427744
Test,0.96,1.0116923
Test,1.019,1.0860585
Test,1.119,1.1752192
Test,1.219,1.2824175
Test,1.319,1.403883
Test,1.419,1.528363
Test,1.519,1.6502514
Test,1.619,1.7721528
Test,1.719,1.8899063
Test,1.819,2.0064912
Test,1.919,2.1330209
Test,2.019,2.2622335
Test,2.1304,2.378461
Test,2.5304,2.5706415
Test,2.9304,2.8243642
Test,3.3304,3.2287216
Test,3.7782,3.795506
Test,4.4511,4.569894
Test,5.3511,5.4085684
Test,6.2511,6.285077
Test,7.1511,7.2145514
Test,8.0511,8.100498
Test,8.9511,9.024359
Test,9.8511,9.940902
Test,10.7511,10.840143
Test,11.6511,11.733463
Test,12.5511,12.6223
Test,13.4511,13.53898
Test,14.3511,14.450437
Test,15.2511,15.367451
Test,16.1511,16.295582
Test,17.0685,17.220802
Test,18.0685,18.17363
Test,0.96,0.9171855
Test,0.96,0.9218764
Test,0.96,0.91556567
Test,0.96,0.9251041
Test,0.96,0.9463946
Test,0.96,0.96973735
Test,1.0129,1.0030849
Test,1.1129,1.0451849
Test,1.2129,1.1061583
Test,1.3129,1.1939917
Test,1.4129,1.3184932
Test,1.5129,1.4530725
Test,1.6129,1.6069847
Test,1.7129,1.7796738
Test,1.8129,1.9532919
Test,1.9129,2.1112123
Test,2.0129,2.2487862
Test,2.14,2.4428785
Test,2.5963,2.7320836
Test,3.0963,3.1374023
Test,3.5963,3.5615315
Test,4.0963,4.016889
Test,4.5963,4.441908
Test,5.0963,4.912107
Test,5.5963,5.414835
Test,6.0963,5.8941894
Test,6.5963,6.366987
Test,7.0963,7.0013475
Test,7.5963,7.7069807
Test,8.0963,8.372151
Test,8.951,9.098911
Test,9.851,9.878956
Test,10.751,10.712856
Test,11.651,11.573721
Test,12.551,12.437511
Test,13.451,13.330112
Test,14.351,14.247889
Test,15.251,15.212922
Test,16.151,16.122555
Test,17.0684,17.006233
Test,18.0684,17.926495
