Dataset_Type,True_Energetic_Span_eV,Predicted_Energetic_Span_eV
Train,3.3461,3.3631916
Train,6.5963,6.4218044
Train,1.7495,1.7566684
Train,15.3087,15.414113
Train,1.719,1.6961559
Train,1.9495,1.9186271
Train,0.719,0.70456594
Train,4.1058,4.063534
Train,10.4908,10.368253
Train,2.1855,2.2273529
Train,2.1855,2.2005992
Train,1.2129,1.0462209
Train,5.3044,5.3838334
Train,1.4768,1.4739872
Train,1.7876,1.6938782
Train,1.4768,1.4532549
Train,0.219,0.24833772
Train,5.5643,5.463434
Train,2.119,2.143501
Train,17.6718,17.55356
Train,17.2867,17.388557
Train,1.0495,1.0046139
Train,4.5266,4.361807
Train,1.1495,1.1031181
Train,0.96,0.9389192
Train,10.85,10.878372
Train,0.96,0.9400594
Train,17.0685,17.158972
Train,1.4768,1.4739491
Train,1.4768,1.4758173
Train,1.8495,1.813813
Train,3.7304,3.7018473
Train,1.1495,1.1066649
Train,1.4768,1.449994
Train,3.5439,3.5393956
Train,8.6908,8.601153
Train,10.4269,10.467511
Train,0.9495,0.91774887
Train,20.0904,20.136423
Train,1.819,1.8099385
Train,2.319,2.335416
Train,2.1495,2.1589847
Train,3.8058,3.8095913
Train,2.8169,2.8263156
Train,5.3508,5.348634
Train,2.019,2.2397404
Train,1.219,1.2203703
Train,11.8731,11.796607
Train,9.5606,9.595375
Train,1.4768,1.4622128
Train,7.4869,7.474178
Train,5.573,5.6350794
Train,7.1508,7.1470404
Train,8.7643,8.819348
Train,13.5645,13.494523
Train,13.1395,13.405692
Train,0.96,0.95382357
Train,20.3087,20.281752
Train,1.7963,1.8092109
Train,11.613,11.822878
Train,13.6761,13.628365
Train,5.4861,5.4157686
Train,6.8608,6.899861
Train,14.3131,14.388153
Train,1.4768,1.4616882
Train,0.96,0.9758382
Train,8.9462,9.124146
Train,6.2559,6.282216
Train,2.319,2.4085636
Train,4.7643,4.602647
Train,1.4768,1.4462878
Train,1.4768,1.4686104
Train,1.8867,1.8621925
Train,0.96,0.97028756
Train,1.4768,1.483255
Train,2.9035,2.8731706
Train,2.219,2.1518557
Train,1.5855,1.5716981
Train,0.419,0.38525355
Train,1.4768,1.4504796
Train,0.96,0.94351625
Train,0.919,0.9046807
Train,10.0499,9.886785
Train,2.965,2.9915056
Train,1.4768,1.4563769
Train,2.6439,2.5075736
Train,2.319,2.315519
Train,1.819,1.829823
Train,0.96,0.9493321
Train,12.2908,12.3481865
Train,1.4768,1.4725835
Train,2.2495,2.2281036
Train,2.0855,2.1787403
Train,4.6169,4.63726
Train,1.0495,1.0480022
Train,1.719,1.8768564
Train,3.7782,3.6169987
Train,1.819,1.898226
Train,2.2855,2.4249825
Train,0.519,0.49421838
Train,2.9688,2.997539
Train,1.419,1.4576514
Train,11.3608,11.763007
Train,1.8867,1.8894566
Train,19.3088,19.21057
Train,9.3044,9.377561
Train,1.619,1.647973
Train,2.1495,2.1403852
Train,1.4768,1.4692223
Train,2.9058,2.9127786
Train,12.551,12.541002
Train,1.4768,1.461687
Train,1.119,1.1168692
Train,7.1131,7.2342553
Train,5.8362,6.0120025
Train,0.419,0.3955189
Train,13.7461,13.671172
Train,20.3088,20.20582
Train,12.6001,12.714063
Train,4.7645,5.014654
Train,1.8495,1.8521816
Train,1.919,1.9963304
Train,0.96,0.9194051
Train,2.0495,2.0448992
Train,19.3088,19.292639
Train,14.3091,14.440103
Train,1.219,1.2350501
Train,13.3995,13.544839
Train,17.1002,17.03422
Train,15.2869,15.571215
Train,14.3511,14.467169
Train,18.2867,18.374344
Train,2.2495,2.2492833
Train,1.119,1.0905169
Train,6.2508,6.151792
Train,2.019,2.0079134
Train,1.4768,1.4903466
Train,4.2521,4.1530895
Train,17.5361,17.43108
Train,2.9034,2.8731706
Train,0.96,0.95772946
Train,16.1509,16.158642
Train,0.96,0.9236103
Train,2.019,2.0281022
Train,2.9304,2.7372851
Train,20.3087,20.40705
Train,2.219,2.121018
Train,2.019,2.2427654
Train,1.719,1.7368301
Train,2.019,1.9682909
Train,0.9495,0.90306115
Train,0.96,0.9185995
Train,4.4058,4.4544873
Train,2.219,2.1461246
Train,10.7509,10.832286
Train,1.4768,1.4891616
Train,0.96,0.9440447
Train,1.119,1.0925255
Train,9.2741,9.279045
Train,6.2058,6.179682
Train,17.3091,17.34202
Train,1.6855,1.6754464
Train,10.7508,10.556733
Train,1.1495,1.1392457
Train,4.5526,4.3065376
Train,15.4732,15.559645
Train,18.2866,18.369183
Train,2.2855,2.3887303
Train,2.319,2.4132125
Train,1.6855,1.7201349
Train,13.2866,13.356212
Train,6.891,6.947343
Train,5.3995,5.236882
Train,4.2256,4.3098145
Train,4.9526,4.697486
Train,2.9304,2.7792046
Train,2.9058,2.927001
Train,0.96,0.91610503
Train,1.219,1.1807109
Train,1.019,0.98155344
Train,4.9256,4.8843546
Train,15.1645,15.306967
Train,1.478,1.4549283
Train,4.7645,4.9397354
Train,1.019,1.0208625
Train,8.3396,8.429806
Train,5.7526,5.762388
Train,1.4867,1.5005068
Train,9.0869,9.024602
Train,18.2866,18.294592
Train,8.0508,8.035851
Train,1.219,1.2779087
Train,1.7855,1.7705969
Train,1.4768,1.4555647
Train,7.113,7.234184
Train,16.2,16.38421
Train,3.9643,3.816416
Train,7.1511,7.4145555
Train,0.96,0.9379121
Train,0.96,0.91104746
Train,1.119,1.146895
Train,0.96,0.9474746
Train,1.0495,1.016406
Train,1.119,1.0954698
Train,2.3963,2.3433356
Train,2.019,1.8965855
Train,1.4768,1.443947
Train,4.1526,3.9593554
Train,2.119,2.0585055
Train,11.5856,11.6085
Train,1.4768,1.5456887
Train,18.672,18.587954
Train,1.3495,1.3113756
Train,0.96,0.9382552
Train,14.0673,14.163021
Train,9.9093,10.012259
Train,0.96,0.979952
Train,1.219,1.2494777
Train,8.5362,8.7086935
Train,3.8058,3.914776
Train,14.8362,14.998308
Train,4.5526,4.355458
Train,1.8495,1.8265742
Train,3.5439,3.475778
Train,1.3129,1.1252095
Train,1.2495,1.2146479
Train,2.6495,2.6814046
Train,4.9461,4.8542805
Train,3.3462,3.5776718
Train,1.4768,1.465072
Train,11.5395,11.730204
Train,1.4768,1.4983298
Train,4.451,4.405024
Train,18.0684,18.082556
Train,12.773,12.838839
Train,15.2866,15.326451
Train,0.96,0.9107702
Train,1.519,1.5417875
Train,8.5043,8.503024
Train,8.5361,8.634005
Train,1.478,1.4567056
Train,2.6495,2.7103667
Train,2.3336,2.4091654
Train,6.3256,6.384546
Train,11.651,11.795857
Train,8.5995,8.602995
Train,5.9908,5.9727798
Train,9.7899,9.828966
Train,4.2782,4.3167377
Train,12.4499,12.5166235
Train,1.919,1.8986241
Train,17.2043,17.342415
Train,15.3088,15.318324
Train,12.6004,12.716717
Train,1.819,1.9943129
Train,3.2058,3.2486813
Train,3.6423,3.9061341
Train,17.1,16.977057
Train,17.0683,17.09619
Train,1.519,1.5320677
Train,12.6,12.467658
Train,4.6633,4.631405
Train,2.619,2.926537
Train,4.0169,3.957047
Train,0.96,0.94610775
Train,1.4768,1.4577262
Train,4.1461,4.033902
Train,2.119,2.074778
Train,2.4495,2.4466267
Train,1.319,1.2705227
Train,5.3058,5.2816644
Train,0.619,0.6112238
Train,1.619,1.6277169
Train,6.213,6.4061036
Train,5.0058,5.03988
Train,1.419,1.4140341
Train,12.1461,12.108776
Train,1.4495,1.4227127
Train,2.5495,2.585608
Train,1.119,1.1272634
Train,13.2866,13.276862
Train,8.4743,8.582944
Train,1.4876,1.4875032
Train,1.619,1.5508007
Train,12.6001,12.724313
Train,1.4768,1.4738669
Train,15.3001,15.451419
Train,6.546,6.4910235
Train,12.7761,12.747672
Train,0.96,0.9171234
Train,2.365,2.4810824
Train,20.3089,20.267176
Train,6.9043,6.978045
Train,2.619,2.9054356
Train,6.3645,6.419439
Train,4.0169,3.9319077
Train,7.0559,7.0864167
Train,10.9044,10.977864
Train,2.0855,2.1430445
Train,0.96,0.9084415
Train,0.96,0.9472202
Train,10.3361,10.201984
Train,1.719,1.6840692
Train,15.3001,15.481563
Train,1.1495,1.1343435
Train,1.5876,1.5261501
Train,0.619,0.6107578
Train,1.619,1.650533
Train,0.519,0.50930953
Train,8.3093,8.457263
Train,13.413,13.632396
Train,1.4768,1.5096962
Train,2.2855,2.4035933
Train,1.1495,1.1024103
Train,16.5226,16.563917
Train,3.5058,3.4808261
Train,12.0223,12.0741625
Train,7.7608,8.221556
Train,1.4768,1.4572314
Train,2.6495,2.7375355
Train,2.019,2.0227242
Train,1.9495,1.9395872
Train,19.4535,19.224207
Train,12.773,12.902547
Train,8.0269,8.002684
Train,2.6495,2.7006042
Train,0.96,0.9433619
Train,1.8495,1.8222872
Train,0.96,0.92504704
Train,13.2867,13.361563
Train,1.419,1.3897412
Train,5.3043,5.2128973
Train,0.96,0.9759456
Train,1.4768,1.4911304
Train,17.1001,17.39637
Train,1.7495,1.7515832
Train,10.5461,10.501549
Train,1.4876,1.5072978
Train,4.5526,4.3168097
Train,10.4909,10.573861
Train,8.9597,8.939503
Train,1.478,1.446138
Train,4.1908,4.184743
Train,1.4768,1.4554154
Train,10.7509,10.6969
Train,11.873,11.942276
Train,0.96,0.95991325
Train,0.96,0.9310695
Train,13.2867,13.372111
Train,3.3304,3.1207728
Train,15.251,15.384706
Train,2.519,2.6145556
Train,9.1761,9.221707
Train,5.8004,5.886304
Train,10.546,10.501549
Train,1.4768,1.4547093
Train,6.2509,6.168477
Train,18.3087,18.414862
Train,1.0495,1.0335097
Train,7.3731,7.394148
Train,10.3645,10.481763
Train,9.3043,9.297868
Train,0.96,0.86097574
Train,1.719,1.7319981
Train,0.919,0.8988806
Train,7.4868,7.474178
Train,1.019,1.0005966
Train,1.4768,1.4426299
Train,1.9855,2.021766
Train,1.4768,1.4660156
Train,5.0909,5.0255713
Train,8.2733,8.514516
Train,14.2866,14.322528
Train,6.5597,6.6716247
Train,3.6035,3.5635657
Train,1.6495,1.6463308
Train,1.5876,1.5030752
Train,0.119,0.17066744
Train,11.9643,11.9970875
Train,6.8909,6.9367285
Train,1.4768,1.4599757
Train,5.313,5.6035604
Train,1.4768,1.4771001
Train,7.7909,7.864355
Train,11.6499,11.5114765
Train,2.7963,2.6651504
Train,2.5322,2.7279904
Train,9.5909,9.625619
Train,7.5093,7.607976
Train,1.819,1.784701
Train,5.5645,5.7390494
Train,2.3495,2.3507915
Train,16.1509,16.170298
Train,16.2866,16.314611
Train,3.7526,3.4907563
Train,2.019,2.0436318
Train,2.3336,2.4581468
Train,1.4855,1.5017201
Train,5.0058,5.0410533
Train,9.8869,10.012221
Train,4.1633,4.247701
Train,0.519,0.5115329
Train,1.219,1.2336463
Train,13.4509,13.437013
Train,2.0855,2.1175199
Train,12.2909,12.398865
Train,2.4495,2.431923
Train,1.7495,1.7350816
Train,5.0868,5.1945844
Train,1.4768,1.4540216
Train,2.1963,2.097921
Train,1.4768,1.4805181
Train,0.219,0.24240229
Train,1.4495,1.4569904
Train,2.019,1.9232875
Train,3.7526,3.6248376
Train,2.1304,2.3640695
Train,1.7495,1.7363492
Train,1.6855,1.6889468
Train,8.6608,8.697765
Train,10.1043,10.073608
Train,10.973,11.093139
Train,1.478,1.4669088
Train,13.4508,13.293356
Train,1.519,1.5237523
Train,7.7608,7.802865
Train,2.6495,2.6693845
Train,2.5495,2.5749226
Train,2.5495,2.5264416
Train,2.9304,2.7375202
Train,1.119,1.1663324
Train,18.2869,18.363165
Train,19.672,19.500687
Train,17.2731,17.244102
Train,9.5608,9.6015625
Train,0.819,0.77832055
Train,1.4495,1.4359527
Train,11.6131,11.713281
Train,12.6001,12.689105
Train,0.96,0.94697595
Train,13.4509,13.441819
Train,9.7858,9.808107
Train,2.6495,2.6520562
Train,1.1495,1.1304606
Train,2.1963,2.1092293
Train,2.0495,2.04355
Train,1.519,1.6435521
Train,2.319,2.4003813
Train,1.719,1.7051033
Train,7.3899,7.56192
Train,2.4495,2.4423552
Train,1.219,1.238592
Train,1.5495,1.5367299
Train,1.019,0.99899864
Train,2.5963,2.509899
Train,9.813,9.98247
Train,8.146,8.081429
Train,10.7395,10.878655
Train,15.2509,15.250252
Train,20.3089,20.274836
Train,2.419,2.4205275
Train,1.4768,1.480327
Train,0.619,0.629067
Train,2.319,2.3221493
Train,2.0867,2.08367
Train,1.319,1.3080636
Train,11.613,11.850941
Train,0.96,0.90691316
Train,3.2058,3.1450872
Train,19.4536,19.388672
Train,18.1731,18.17473
Train,13.604,13.764636
Train,1.419,1.361133
Train,0.96,0.9435594
Train,1.4768,1.499228
Train,0.419,0.37866628
Train,1.6867,1.6749381
Train,1.119,1.1277661
Train,4.7058,4.7787666
Train,1.6495,1.639729
Train,2.643,2.6664553
Train,2.6439,2.4877653
Train,9.8511,10.004502
Train,1.7855,1.7773062
Train,1.9495,1.9551452
Train,2.0855,2.1489012
Train,1.619,1.6373459
Train,4.4058,4.465145
Train,1.519,1.5871149
Train,14.4001,14.581747
Train,2.019,1.9108672
Train,9.8509,9.966001
Train,4.1633,4.222491
Train,12.1361,12.238642
Train,5.091,5.0662
Train,3.5508,3.565462
Train,9.1459,9.174612
Train,0.96,0.9521729
Train,6.251,6.168477
Train,12.5511,12.68005
Train,1.4768,1.4629238
Train,18.4535,18.52013
Train,8.5044,8.520701
Train,5.9058,5.8735743
Train,13.5001,13.650782
Train,1.4768,1.4749235
Train,1.7495,1.7521389
Train,1.719,1.6783253
Train,2.9418,3.1825082
Train,1.4768,1.4492447
Train,19.0905,19.085829
Train,9.7461,9.681607
Train,0.219,0.2281546
Train,8.9511,9.12147
Train,14.672,14.697738
Train,10.4909,10.510276
Train,14.573,14.58501
Train,1.4768,1.4344329
Train,1.319,1.2876401
Train,12.513,12.752353
Train,2.5495,2.564854
Train,3.8418,4.312402
Train,6.5899,6.832155
Train,15.6818,15.639476
Train,7.1866,7.168981
Train,1.5495,1.5553645
Train,5.9909,5.9793825
Train,2.1495,2.1404076
Train,4.6559,4.6743546
Train,0.96,0.931299
Train,18.2869,18.538637
Train,0.96,0.93269706
Train,3.2418,3.4432216
Train,0.219,0.23171017
Train,18.6718,18.494444
Train,5.351,5.242214
Train,1.3495,1.3167756
Train,11.3909,11.411352
Train,1.919,1.9690171
Train,10.713,10.915284
Train,8.1462,8.35277
Train,3.8058,3.7850473
Train,1.4768,1.4671364
Train,13.2866,13.339507
Train,2.1855,2.2337766
Train,2.1963,2.1801705
Train,2.219,2.1439686
Train,1.7855,1.7584407
Train,1.019,1.0059875
Train,1.9855,1.981208
Train,13.2866,13.372111
Train,1.919,1.80439
Train,2.4495,2.4235678
Train,1.9867,1.9499425
Train,2.9418,3.207309
Train,1.019,1.0617408
Train,13.413,13.525388
Train,1.478,1.4441128
Train,2.2867,2.316383
Train,11.4869,11.646726
Train,4.1526,3.8911426
Train,1.219,1.275816
Train,7.373,7.4486938
Train,0.96,0.9232229
Train,7.7908,7.707639
Train,1.419,1.5205508
Train,1.619,1.77014
Train,13.4508,13.437013
Train,2.2855,2.3441133
Train,6.7361,6.6293
Train,2.2855,2.351734
Train,11.1223,11.158898
Train,15.2508,15.180559
Train,16.2865,16.373053
Train,1.4768,1.449045
Train,3.5058,3.445101
Train,7.5395,7.589299
Train,1.4768,1.4398539
Train,1.4768,1.448933
Train,1.4768,1.4490799
Train,6.8909,6.8568277
Train,8.883,8.968348
Train,1.8495,1.8507825
Train,2.219,2.2607865
Train,18.2865,18.365522
Train,12.2908,12.349555
Train,1.4768,1.5447205
Train,7.1508,7.163629
Train,13.383,13.495784
Train,17.5361,17.57244
Train,1.319,1.4032559
Train,2.019,1.889942
Train,0.96,0.92109907
Train,8.4741,8.455658
Train,10.491,10.578901
Train,6.9044,7.011311
Train,3.2418,3.4830804
Train,1.219,1.178224
Train,1.519,1.4480233
Train,1.1495,1.1120453
Train,0.96,0.95334756
Train,19.3089,19.265682
Train,2.119,2.0884671
Train,1.119,1.1663324
Train,1.4768,1.4694848
Train,2.019,2.029227
Train,1.2495,1.2525234
Train,17.0683,17.070444
Train,4.6169,4.6515903
Train,10.683,10.712614
Train,7.7909,7.745384
Train,0.96,0.93081903
Train,1.319,1.2571701
Train,1.719,1.6961559
Train,11.2268,11.260281
Train,14.6869,14.870385
Train,1.478,1.4714731
Train,2.3867,2.529554
Train,1.719,1.8976105
Train,1.119,1.152434
Train,2.6418,2.731617
Train,10.3645,10.335909
Train,0.96,0.93483984
Train,10.7511,10.903918
Train,14.4001,14.559067
Train,2.019,1.9997593
Train,18.4535,18.361929
Train,8.951,9.056
Train,0.96,0.9326142
Train,15.2509,15.267071
Train,1.4768,1.4735022
Train,14.2866,14.267532
Train,4.7058,4.7456164
Train,1.8855,1.8466834
Train,18.0682,18.011591
Train,1.4768,1.4702365
Train,2.319,2.2536857
Train,1.5495,1.532713
Train,6.8909,6.917815
Train,1.4768,1.4768451
Train,13.5001,13.603243
Train,5.3058,5.291548
Train,1.819,1.8079678
Train,0.96,0.9532156
Train,3.5511,3.7598758
Train,0.96,0.93383133
Train,16.2866,16.37777
Train,1.4768,1.471816
Train,14.2865,14.223041
Train,2.119,2.240356
Train,1.0495,1.0205588
Train,7.791,7.864236
Train,2.9418,3.1278079
Train,1.4768,1.4623905
Train,1.4768,1.457682
Train,18.1733,18.349703
Train,1.819,1.7325212
Train,2.2495,2.2350895
Train,1.2495,1.2067807
Train,0.96,0.9258121
Train,7.113,7.2445827
Train,1.4768,1.459797
Train,2.3439,2.2681408
Train,1.419,1.5267612
Train,1.4768,1.4404917
Train,10.9044,10.997981
Train,1.4768,1.4612278
Train,1.519,1.5289943
Train,15.6226,15.691028
Train,11.7043,11.635978
Train,1.519,1.6231271
Train,13.5643,13.535484
Train,7.7909,7.8283296
Train,1.2495,1.2437186
Train,11.873,12.009263
Train,3.2058,3.1261182
Train,8.951,8.898085
Train,1.4768,1.4417175
Train,0.819,0.8188373
Train,14.2867,14.35796
Train,1.4768,1.4525496
Train,8.6606,8.7186365
Train,1.4768,1.4653059
Train,11.3461,11.475183
Train,1.4768,1.470874
Train,1.4768,1.4549949
Train,1.4855,1.506435
Train,1.4768,1.4789249
Train,1.319,1.3018693
Train,5.0909,5.0362844
Train,1.2495,1.2211406
Train,19.3087,19.334997
Train,6.4732,6.6649446
Train,11.3909,11.345993
Train,2.2495,2.2533083
Train,3.7688,3.7155552
Train,2.2331,2.368935
Train,10.9043,11.048433
Train,1.4768,1.4450688
Train,5.3509,5.242214
Train,5.2741,5.381724
Train,0.96,0.96663463
Train,1.4768,1.4979761
Train,1.719,1.7019689
Train,16.3088,16.268023
Train,1.619,1.5586774
Train,0.419,0.3710979
Train,20.0907,20.161913
Train,1.919,1.9189776
Train,1.4768,1.4654397
Train,15.3089,15.304231
Train,0.219,0.2257747
Train,0.119,0.15317488
Train,4.6169,4.6895313
Train,1.1495,1.1189376
Train,9.173,9.220491
Train,0.96,0.92155075
Train,9.5909,9.676003
Train,5.6058,5.585844
Train,2.019,1.9546434
Train,1.019,1.0419623
Train,0.96,0.93547726
Train,0.96,0.947539
Train,17.2866,17.322052
Train,3.2439,3.2177968
Train,7.113,7.2933764
Train,4.451,4.454402
Train,1.119,1.1545935
Train,1.019,0.99535525
Train,1.419,1.5120422
Train,11.6509,11.6897745
Train,17.0682,17.087854
Train,11.9866,11.940089
Train,1.019,0.99965084
Train,0.96,0.9410138
Train,2.9963,2.7941027
Train,9.5866,9.746539
Train,1.419,1.4286554
Train,1.219,1.2339694
Train,0.419,0.38297865
Train,4.1058,4.122141
Train,1.719,1.7157215
Train,9.1396,9.202214
Train,1.4768,1.46746
Train,6.6869,6.799903
Train,11.8459,11.844784
Train,6.2903,6.4066367
Train,2.1304,2.3367715
Train,1.4768,1.441761
Train,1.219,1.2276059
Train,2.519,2.581827
Train,1.4768,1.4521619
Train,12.9226,12.93187
Train,1.2495,1.2322003
Train,1.8855,1.906474
Train,10.0731,10.004386
Train,1.419,1.4492437
Train,2.0495,2.0541785
Train,14.3508,14.215341
Train,1.4768,1.4435512
Train,15.2866,15.282382
Train,3.3526,3.1351848
Train,1.4768,1.4616617
Train,2.9058,2.9841692
Train,1.919,1.805888
Train,0.96,0.91048884
Train,18.2866,18.374344
Train,1.819,1.7189646
Train,4.2256,4.2753496
Train,2.219,2.259204
Train,2.219,2.1641176
Train,7.3461,7.2948437
Train,12.7643,12.790122
Train,2.2495,2.2303483
Train,12.5508,12.516047
Train,2.0855,2.0675995
Train,4.8521,4.737576
Train,1.119,1.0939192
Train,17.2867,17.321033
Train,8.2731,8.266691
Train,1.8495,1.8357744
Train,1.7963,1.8436179
Train,0.96,0.9724792
Train,6.5461,6.6217093
Train,0.96,0.89767414
Train,18.0684,18.26248
Train,1.219,1.1953279
Train,18.0682,18.098745
Train,13.0868,13.078135
Train,1.6129,1.5421048
Train,4.2521,4.2013383
Train,1.5855,1.6121389
Train,0.96,0.8999765
Train,11.9645,12.052344
Train,1.6876,1.6043183
Train,1.819,1.8281074
Train,11.391,11.482753
Train,3.5963,3.5910044
Train,7.1509,7.110988
Train,13.5645,13.62958
Train,1.419,1.3766954
Train,2.3963,2.2608328
Train,5.8869,6.001772
Train,1.819,1.7204975
Train,1.4768,1.5115458
Train,15.2869,15.340505
Train,1.4768,1.4732834
Train,1.4495,1.4430718
Train,1.719,1.7176149
Train,4.5526,4.3065376
Train,3.8058,3.8773742
Train,17.2867,17.398577
Train,0.819,0.7844933
Train,2.9688,3.0948381
Train,18.2865,18.2887
Train,10.491,10.573861
Train,1.5495,1.5194324
Train,1.5495,1.5602791
Train,2.019,1.988804
Train,16.8819,17.070385
Train,3.6034,3.5332448
Train,8.6608,9.0882635
Train,9.2743,9.390399
Train,1.4768,1.4432133
Train,1.019,1.017757
Train,10.9732,11.075219
Train,1.4768,1.461419
Train,9.1732,9.273682
Train,17.3089,17.360191
Train,13.0362,13.199545
Train,16.3087,16.457596
Train,2.9963,3.0241547
Train,14.5635,14.490682
Train,1.919,1.8172436
Train,2.1495,2.1403852
Train,0.96,0.93801725
Train,16.1509,16.13055
Train,1.9963,1.9953517
Train,1.4768,1.4622949
Train,2.6495,2.652068
Train,5.9058,5.9626083
Train,13.673,13.718899
Train,1.919,1.8699421
Train,10.073,10.131182
Train,1.2495,1.2293172
Train,16.3089,16.306036
Train,16.373,16.412567
Train,1.2495,1.2324598
Train,4.7058,4.762276
Train,3.2608,3.7692966
Train,2.219,2.1189775
Train,1.119,1.1366473
Train,9.4861,9.403803
Train,1.4768,1.4403126
Train,15.2867,15.330243
Train,11.3908,11.411352
Train,14.3508,14.269485
Train,2.5963,2.4613395
Train,0.96,0.9788679
Train,1.7495,1.7270559
Train,2.7963,2.6390095
Train,15.4636,15.597646
Train,8.6909,8.711205
Train,1.8855,1.901293
Train,1.319,1.2853167
Train,0.96,0.9448483
Train,10.4908,10.522184
Train,2.7963,2.5671275
Train,2.643,2.78836
Train,1.2495,1.206041
Train,0.919,0.89062387
Train,1.9495,1.9531847
Train,1.7876,1.6711798
Train,2.9058,2.8676624
Train,1.4768,1.4715263
Train,7.7606,7.8270416
Train,0.96,0.93563163
Train,1.4768,1.4514112
Train,0.96,0.95561266
Train,2.019,2.0233958
Train,17.3089,17.317633
Train,3.3526,3.2306936
Train,0.96,0.85308695
Train,7.9866,8.153447
Train,7.1509,7.179652
Train,2.9034,2.9696457
Train,7.8559,7.87776
Train,1.4768,1.4512538
Train,1.7495,1.7256464
Train,12.291,12.385339
Train,19.4535,19.410336
Train,19.6718,19.45715
Train,18.2865,18.192455
Train,7.9866,7.9887285
Train,13.413,13.591643
Train,1.4768,1.4452621
Train,5.3508,5.334302
Train,0.819,0.8109157
Train,15.3087,15.463479
Train,17.2866,17.39968
Train,3.7688,3.7485223
Train,8.6861,8.623552
Train,6.2058,6.4389653
Train,4.4508,4.429315
Train,3.5058,3.4952269
Train,8.1461,8.081429
Train,10.4909,10.522184
Train,5.3058,5.2633595
Train,1.4768,1.4416174
Train,18.0682,17.949488
Train,1.119,1.1361417
Train,2.4495,2.4568841
Train,2.4495,2.4741817
Train,6.9043,6.927207
Train,1.719,1.7092797
Train,0.319,0.3086454
Train,1.4768,1.461687
Train,15.1856,15.16689
Train,1.019,1.0206765
Train,1.6855,1.6624961
Train,0.619,0.6219981
Train,15.9819,16.034998
Train,0.96,0.94916165
Train,4.4509,4.458878
Train,5.3511,5.5856085
Train,1.7495,1.7498609
Train,0.96,0.91772974
Train,11.5396,11.609792
Train,15.2866,15.372947
Train,2.9058,2.880731
Train,1.619,1.620431
Train,15.251,15.218436
Train,20.0905,20.003107
Train,1.119,1.0741354
Train,1.4768,1.4772863
Train,14.3645,14.318905
Train,3.5508,3.5455956
Train,1.619,1.5586642
Train,2.119,2.0405307
Train,0.119,0.15255919
Train,16.3091,16.343468
Train,2.14,2.4188285
Train,0.96,0.9087073
Train,14.5733,14.741712
Train,1.919,1.8249185
Train,1.9495,1.9420701
Train,20.3088,20.274836
Train,1.9867,1.9963766
Train,1.4768,1.4637877
Train,2.119,2.2210035
Train,4.1423,4.34148
Train,1.4768,1.4669245
Train,13.3858,13.384938
Train,13.9361,13.84535
Train,1.0495,1.0039414
Train,11.7002,11.630414
Train,9.783,9.80392
Train,2.1304,2.3640695
Train,0.96,0.9309298
Train,2.3495,2.3180435
Train,2.3495,2.3329735
Train,0.96,0.9278642
Train,13.7461,13.812461
Train,4.4058,4.4718027
Train,11.7995,11.891982
Train,4.4509,4.454402
Train,12.2869,12.463608
Train,3.3526,3.3085992
Train,3.8439,3.9313073
Train,0.9495,0.92415214
Train,16.3042,16.355696
Train,14.9353,15.055317
Train,2.3495,2.3358202
Train,0.519,0.47730467
Train,2.9034,2.8901331
Train,1.4768,1.4426302
Train,0.96,0.91517043
Train,5.9395,5.896459
Train,2.643,2.6934857
Train,1.619,1.7654892
Train,2.1495,2.1522584
Train,3.4169,3.4396248
Train,16.3732,16.453386
Train,1.4495,1.450927
Train,1.9855,2.0380259
Train,0.96,0.92523205
Train,1.8876,1.7998464
Train,1.4876,1.4584526
Train,1.919,1.8319154
Train,4.1908,4.1156163
Train,1.919,2.1142988
Train,5.0608,5.0552616
Train,15.3087,15.483104
Train,1.6876,1.5791551
Train,5.9909,5.937812
Train,7.7266,7.6038837
Train,4.1526,3.9963708
Train,17.2043,17.159037
Train,2.9418,3.1007237
Train,1.478,1.4631073
Train,14.313,14.432169
Train,17.4226,17.47997
Train,16.2867,16.347147
Train,1.4768,1.4518386
Train,4.1533,4.1857166
Train,5.313,5.5787473
Train,11.7044,11.837391
Train,11.3909,11.482753
Train,11.7044,11.838302
Train,8.0268,8.002684
Train,1.4768,1.4641125
Train,1.4768,1.464568
Train,3.8058,3.895604
Train,4.451,4.558196
Train,6.8909,6.9424343
Train,1.3495,1.3106884
Train,1.4768,1.445803
Train,1.719,1.8669595
Train,5.0869,5.2629156
Train,1.619,1.647973
Train,18.2867,18.306002
Train,3.7526,3.5711424
Train,8.9509,9.128383
Train,2.5322,2.7380962
Train,2.2855,2.3191557
Train,1.019,1.039908
Train,3.2058,3.1880374
Train,5.5866,5.6878037
Train,15.9819,16.20535
Train,1.478,1.4759251
Train,2.9058,2.893114
Train,2.019,2.0953972
Train,4.1526,3.8911426
Train,16.6362,16.732285
Train,1.3495,1.3459748
Train,8.013,8.139977
Train,13.0869,13.23006
Train,4.5149,4.8894496
Train,10.4909,10.436157
Train,1.5855,1.5886722
Train,1.4768,1.4671614
Train,1.819,1.784701
Train,11.6508,11.472769
Train,1.4495,1.4288731
Train,2.019,2.0990129
Train,17.1001,17.30433
Train,1.219,1.1922897
Train,5.091,5.1534467
Train,3.0963,3.1696074
Train,16.2866,16.290327
Train,16.151,16.098398
Train,2.0867,2.0613158
Train,0.96,0.9582888
Train,1.919,1.9251324
Train,5.0058,5.186918
Train,1.719,1.8898591
Train,15.8354,15.997556
Train,5.0058,4.9714794
Train,1.4855,1.4924741
Train,14.0354,14.191857
Train,18.3091,18.360256
Train,0.96,0.8859146
Train,2.3439,2.2843637
Train,5.4559,5.464412
Train,1.119,1.1062254
Train,6.9044,6.9609427
Train,1.1495,1.1235152
Train,3.7526,3.642774
Train,0.96,0.92533576
Train,1.3495,1.3195504
Train,1.478,1.4491997
Train,1.5867,1.5781136
Train,4.6633,4.6754203
Train,1.019,1.0344993
Train,11.9866,12.114803
Train,2.4495,2.4336593
Train,5.3044,5.3641343
Train,0.419,0.39285496
Train,0.96,0.9333583
Train,1.4768,1.4663327
Train,10.751,10.6969
Train,2.319,2.379191
Train,5.0909,5.054676
Train,2.0495,2.032641
Train,7.1645,7.2051144
Train,2.365,2.4115307
Train,1.0495,1.0339549
Train,17.2865,17.318045
Train,3.2418,3.500029
Train,0.9495,0.9396874
Train,0.96,0.91255176
Train,1.419,1.4361508
Train,2.3855,2.497404
Train,7.1131,7.236174
Train,1.4768,1.4613109
Train,0.96,0.9264941
Train,1.478,1.4691367
Train,9.5908,9.625728
Train,1.819,1.8084275
Train,4.1688,4.144287
Train,18.3169,18.597723
Train,6.4459,6.4897184
Train,1.419,1.4235672
Train,0.96,0.9424964
Train,0.96,0.9445673
Train,10.0741,10.076135
Train,3.8058,3.7501316
Train,12.483,12.54546
Train,15.8353,15.945153
Train,8.051,8.161006
Train,0.96,0.9509901
Train,1.319,1.3285767
Train,1.019,1.0617408
Train,4.3035,4.329824
Train,0.96,0.93729925
Train,13.673,13.776926
Train,1.719,1.7778195
Train,15.4868,15.541918
Train,1.019,0.9785565
Train,2.119,2.2358556
Train,2.6495,2.701901
Train,6.4761,6.489676
Train,1.9129,2.0231085
Train,4.1058,4.117559
Train,1.0495,1.0355927
Train,9.173,9.299087
Train,14.2867,14.306631
Train,3.6035,3.5492728
Train,3.3688,3.3281722
Train,1.919,1.8951458
Train,16.151,16.265776
Train,2.119,2.0437098
Train,1.4768,1.4650728
Train,2.1495,2.1461635
Train,1.619,1.6220235
Train,8.2869,8.224148
Train,2.665,2.7453098
Train,1.519,1.51104
Train,2.3855,2.5759144
Train,3.8861,3.8062668
Train,10.6868,10.670966
Train,0.719,0.70666075
Train,1.9495,1.9343294
Train,2.0495,2.0398889
Train,8.6909,8.727748
Train,1.7495,1.720419
Train,5.9608,5.9448376
Train,5.6256,5.6884127
Train,0.96,0.94076574
Train,7.6499,7.7227883
Train,3.5418,3.877066
Train,2.3855,2.4743326
Train,2.019,1.9889201
Train,1.0495,1.016406
Train,6.8499,6.8276606
Train,1.319,1.334195
Train,10.3866,10.535244
Train,6.0741,6.1898723
Train,1.5495,1.531923
Train,1.4768,1.4625427
Train,10.9761,11.028186
Train,3.7782,3.7899694
Train,2.365,2.4639788
Train,2.9058,2.8902185
Train,14.2865,14.290737
Train,8.1461,8.238068
Train,2.2855,2.300858
Train,15.2866,15.360612
Train,0.96,0.93381894
Train,2.319,2.3808155
Train,0.96,0.95962036
Train,20.0904,20.112776
Train,2.1304,2.369042
Train,2.1495,2.1511593
Train,13.5002,13.382346
Train,11.9643,11.955462
Train,1.519,1.5173861
Train,2.119,2.0490909
Train,1.919,1.837452
Train,17.672,17.62041
Train,6.8741,6.97952
Train,10.282,10.413432
Train,2.2867,2.2913942
Train,1.7867,1.7704722
Train,12.9461,13.030445
Train,1.4768,1.4631928
Train,10.0761,10.13011
Train,1.1495,1.130499
Train,0.96,0.9505869
Train,2.0495,2.0423005
Train,3.6034,3.5635657
Train,1.0495,1.0305632
Train,1.4768,1.4534389
Train,2.1495,2.142842
Train,1.4855,1.514601
Train,2.9418,3.1201372
Train,15.473,15.549384
Train,16.1508,16.153925
Train,1.9855,2.0054855
Train,1.3495,1.3376588
Train,0.319,0.30661878
Train,1.9495,1.9167404
Train,8.9132,9.000504
Train,1.8867,1.8591161
Train,1.819,1.8686265
Train,0.719,0.7138887
Train,1.5495,1.5495517
Train,5.0908,4.9586887
Train,2.019,2.0408053
Train,1.719,1.6591314
Train,1.519,1.5290235
Train,12.2867,12.330688
Train,0.96,0.93397737
Train,4.1526,3.9024527
Train,1.719,1.6276735
Train,3.4169,3.3226483
Train,0.519,0.5096442
Train,2.219,2.1660361
Train,4.7058,4.7646527
Train,1.5495,1.5404927
Train,5.9908,5.8859196
Train,11.3608,11.493965
Train,15.3,15.505563
Train,0.96,0.93087757
Train,2.6418,2.8122668
Train,11.583,11.62317
Train,2.119,2.0774477
Train,6.3643,6.321587
Train,7.3597,7.382593
Train,8.0511,8.261552
Train,1.4768,1.4614538
Train,7.6361,7.504421
Train,3.7526,3.5618322
Train,2.2867,2.374941
Train,1.4768,1.4559246
Train,3.3304,3.092662
Train,2.0855,2.0911722
Train,3.7043,3.7381716
Train,1.4768,1.4414173
Train,1.4768,1.4753914
Train,0.96,0.9626148
Train,6.473,6.567843
Train,1.8855,1.8853335
Train,1.8495,1.8535751
Train,18.2867,18.276484
Train,13.4131,13.391951
Train,1.8495,1.8232601
Train,1.4768,1.4406493
Train,2.0855,2.1592305
Train,1.6855,1.7150584
Train,10.7131,10.8084135
Train,2.5495,2.550551
Train,3.551,3.5243795
Train,2.5495,2.5200028
Train,0.96,0.968907
Train,1.919,1.7844217
Train,1.4768,1.463805
Train,1.9963,2.0148277
Train,0.96,0.9279661
Train,9.746,9.681607
Train,2.4495,2.416148
Train,20.0906,20.186268
Train,8.0131,8.158914
Train,5.7903,5.762388
Train,10.7132,10.8084135
Train,0.96,0.9484582
Train,0.96,0.9348483
Train,1.9963,2.0013375
Train,1.0495,1.0381749
Train,1.1129,0.98655164
Train,0.96,0.96570826
Train,8.4499,8.491667
Train,0.719,0.6775979
Train,12.4858,12.491552
Train,1.478,1.4577347
Train,1.4768,1.4583796
Train,1.519,1.5173861
Train,1.3495,1.3537346
Train,1.419,1.4027535
Train,1.219,1.1757902
Train,11.65,11.680447
Train,0.96,0.9440447
Train,6.5462,6.757769
Train,2.219,2.1607795
Train,3.2418,3.46749
Train,2.3495,2.3254957
Train,9.2499,9.256515
Train,1.419,1.3995575
Train,0.96,0.9148018
Train,5.7461,5.8268375
Train,1.478,1.4759812
Train,2.6495,2.6890883
Train,2.019,2.0696616
Train,5.4521,5.360097
Train,6.2509,6.267391
Train,4.1526,3.9195766
Train,2.1963,2.1611605
Train,7.6362,7.756446
Train,7.3461,7.421175
Train,1.4855,1.5328671
Train,15.7361,15.661881
Train,1.3495,1.3195504
Train,13.8868,13.879238
Train,7.1131,7.280293
Train,0.96,0.9619944
Train,1.019,1.0081168
Train,3.8439,3.9067736
Train,2.119,2.0490909
Train,14.7818,14.8107
Train,14.2856,14.303201
Train,1.4768,1.4630985
Train,1.4768,1.4433982
Train,1.819,1.8410851
Train,1.519,1.5651927
Train,2.9439,2.7869568
Train,1.519,1.6455073
Train,0.619,0.6191557
Train,17.3087,17.482927
Train,11.391,11.464488
Train,1.819,1.7991368
Train,11.7043,11.870235
Train,2.9058,2.8555486
Train,4.6533,4.62332
Train,10.7131,10.68913
Train,4.673,4.943347
Train,8.0508,7.9272776
Train,1.5855,1.5719045
Train,6.8608,7.3488054
Train,13.9362,14.090117
Train,1.478,1.4549516
Train,1.4768,1.4613689
Train,2.965,3.1158013
Train,6.3645,6.534964
Train,2.2495,2.215925
Train,1.119,1.0939192
Train,2.6439,2.5498998
Train,4.9526,4.7290707
Train,0.96,0.9688208
Train,2.5304,2.5327513
Train,14.0352,14.30598
Train,1.4768,1.4805865
Train,0.96,0.9398569
Train,2.019,1.9624368
Train,1.7855,1.7386647
Train,0.96,0.96689665
Train,1.4768,1.4745317
Train,1.2495,1.2076547
Train,0.96,0.9788679
Train,0.96,0.940483
Train,3.2418,3.3873763
Train,3.8058,3.748479
Train,1.519,1.4683623
Train,9.0869,9.158235
Train,1.619,1.704893
Train,2.1495,2.1480854
Train,1.9867,1.9720753
Train,2.3855,2.5175924
Train,17.5362,17.60156
Train,0.96,0.9268702
Train,10.713,10.926291
Train,8.8268,8.834295
Train,1.019,0.99899864
Train,5.351,5.4276843
Train,1.4768,1.4647132
Train,11.4868,11.481793
Train,15.3088,15.27065
Train,6.8908,6.920231
Train,0.96,0.9031015
Train,6.3866,6.514461
Train,6.8606,6.9317822
Train,14.4002,14.330615
Train,4.7058,4.6984987
Train,1.419,1.4384081
Train,18.0684,18.076406
Train,1.319,1.3285767
Train,1.4768,1.4611015
Train,17.1004,17.242609
Train,5.1533,5.094476
Train,16.8817,17.015959
Train,8.9509,8.865828
Train,1.6855,1.682894
Train,5.3526,5.235865
Train,1.478,1.4627396
Train,2.365,2.4309516
Train,0.96,0.9474844
Train,1.4768,1.4693891
Train,1.478,1.4568225
Train,1.4495,1.4108998
Train,18.2866,18.369183
Train,1.4855,1.4916252
Train,11.1818,11.109765
Train,0.719,0.69948363
Train,1.419,1.4139998
Train,1.9855,2.021897
Train,2.665,2.6798787
Train,2.619,2.7797182
Train,0.96,0.93400145
Train,7.7909,7.8056955
Train,8.2868,8.224148
Train,3.0062,3.1501973
Train,18.1732,18.309977
Train,1.4768,1.4559871
Train,14.4,14.312636
Train,1.4768,1.4474479
Train,1.7495,1.710795
Train,1.019,1.0005289
Train,1.4768,1.437168
Train,1.219,1.1971501
Train,1.1495,1.1169422
Train,2.5495,2.5553336
Train,8.013,8.19194
Train,14.5732,14.674742
Train,4.5995,4.6213245
Train,4.7058,4.724262
Train,0.719,0.70456594
Train,7.3462,7.5660076
Train,1.519,1.4999977
Train,3.9643,3.832302
Train,1.819,1.7368987
Train,10.0743,10.193208
Train,2.019,2.0392947
Train,2.119,2.2128983
Train,1.619,1.586262
Train,1.619,1.6220235
Train,1.719,1.7384354
Train,1.619,1.6033387
Train,3.6034,3.5492728
Train,5.9058,5.9906907
Train,2.1855,2.1780853
Train,11.1645,11.118162
Train,10.7508,10.714971
Train,11.2362,11.394979
Train,1.4768,1.455575
Train,1.4768,1.4653181
Train,10.491,10.567147
Train,1.819,1.7982146
Train,1.5855,1.6079973
Train,0.96,0.92881715
Train,5.3044,5.3881874
Train,8.9131,8.995252
Train,3.5418,3.875585
Train,0.96,0.95064414
Train,1.3495,1.347139
Train,1.619,1.6360327
Train,8.0509,8.003331
Train,14.3645,14.454627
Train,0.96,0.9241793
Train,1.4768,1.4655237
Train,1.8129,1.8467
Train,12.946,12.88784
Train,8.273,8.339732
Train,1.919,1.9428006
Train,1.519,1.4523119
Train,8.2732,8.406397
Train,1.4768,1.4707621
Train,1.4768,1.4799811
Train,10.8499,10.899371
Train,8.013,8.143166
Train,8.7645,8.869933
Train,15.2508,15.265379
Train,12.9818,12.928075
Train,1.119,1.1196147
Train,14.5731,14.525222
Train,6.213,6.3396854
Train,2.5304,2.514958
Train,0.96,1.0011381
Train,14.8361,14.752971
Train,17.273,17.392914
Train,2.9439,2.8026137
Train,5.3266,5.1768665
Train,10.0459,10.062564
Train,0.119,0.17013821
Train,2.3495,2.34786
Train,1.719,1.6090378
Train,18.5352,18.876564
Train,18.0683,18.082556
Train,1.4768,1.4783897
Train,1.419,1.4036899
Train,2.3439,2.2593212
Train,12.9461,12.88784
Train,8.6909,8.726038
Train,1.8495,1.8296738
Train,0.219,0.2292513
Train,0.96,0.91657996
Train,0.119,0.16030899
Train,2.6508,2.7517586
Train,1.6855,1.7348166
Train,2.1304,2.4083817
Train,2.1963,2.1608891
Train,4.1909,4.1626935
Train,1.4768,1.4680382
Train,2.119,2.0656972
Train,2.4927,2.7279904
Train,2.019,2.2968822
Train,10.9044,11.00092
Train,18.173,18.285269
Train,0.96,0.9326228
Train,2.6495,2.7082102
Train,8.2869,8.354926
Train,1.4768,1.4694078
Train,8.45,8.515511
Train,0.96,0.9386052
Train,1.519,1.5481471
Train,19.0906,19.248312
Train,16.2004,16.330618
Train,4.1058,4.075084
Train,1.4768,1.4647676
Train,2.119,2.0826828
Train,2.019,1.9872843
Train,4.5043,4.4079366
Train,4.6633,4.6238136
Train,14.2858,14.292768
Train,0.519,0.49686894
Train,1.4768,1.4709246
Train,11.3908,11.433721
Train,1.819,1.8187594
Train,3.5058,3.5792623
Train,2.0495,2.0655353
Train,4.1917,4.4097433
Train,1.619,1.6978592
Train,1.5867,1.5677279
Train,1.819,1.8915671
Train,1.819,1.823682
Train,5.6268,5.6784816
Train,6.2058,6.343576
Train,7.7908,7.824313
Train,3.2058,3.2455077
Train,0.96,0.9384519
Train,2.8169,2.8586726
Train,1.719,1.7776014
Train,5.351,5.324006
Train,1.4768,1.463858
Train,0.319,0.3196088
Train,1.419,1.51938
Train,1.919,1.9145269
Train,12.3093,12.4805765
Train,15.2867,15.386722
Train,1.1495,1.1445441
Train,7.0828,7.280924
Train,15.473,15.526701
Train,1.7129,1.6942197
Train,1.4768,1.487257
Train,3.5418,3.790872
Train,5.6633,5.7130876
Train,0.96,0.9340495
Train,17.6353,17.816675
Train,8.3395,8.493589
Train,1.5855,1.568858
Train,3.2058,3.2798412
Train,2.5495,2.5288467
Train,1.819,1.9943148
Train,1.8876,1.8153865
Train,4.191,4.2769456
Train,1.4768,1.4756206
Train,0.96,0.94479346
Train,1.119,1.104184
Train,13.2866,13.330745
Train,4.7058,4.724262
Train,1.4768,1.445329
Train,1.4768,1.4412373
Train,1.4768,1.4528117
Train,12.2909,12.402171
Train,12.7732,12.928003
Train,2.6508,2.7607393
Train,0.919,0.90929556
Train,1.619,1.6209031
Train,5.9606,5.9922366
Train,9.591,9.666366
Train,1.219,1.1911243
Train,10.0499,10.07537
Train,1.9855,1.9588856
Train,3.2418,3.5071855
Train,4.1608,4.608591
Train,13.746,13.671172
Train,2.9266,3.0384862
Train,13.8226,13.863489
Train,1.519,1.5161909
Train,1.8867,1.8375533
Train,1.219,1.2655212
Train,12.5508,12.463186
Train,12.7645,12.837825
Train,14.7223,14.798855
Train,12.3396,12.433167
Train,1.519,1.4764657
Train,13.2869,13.414387
Train,15.4635,15.517451
Train,1.4768,1.466232
Train,9.1093,9.229472
Train,0.9495,0.9078449
Train,0.96,0.99000645
Train,18.5354,18.861067
Train,1.4768,1.4718437
Train,14.6868,14.712504
Train,1.2495,1.2252303
Train,0.96,0.9114971
Train,8.691,8.790114
Train,9.8868,9.853135
Train,1.4768,1.4614698
Train,1.819,1.7673522
Train,17.0683,17.088892
Train,17.2866,17.388557
Train,14.504,14.638055
Train,7.1132,7.2342553
Train,4.9462,5.1111765
Train,0.96,0.90370715
Train,2.219,2.15722
Train,14.1995,14.353271
Train,14.5636,14.721316
Train,10.973,11.096896
Train,16.8819,16.886421
Train,1.6495,1.6510204
Train,1.119,1.1559442
Train,16.3731,16.322536
Train,14.0353,14.156895
Train,2.665,2.636755
Train,1.1495,1.1169422
Train,12.982,13.016402
Train,9.851,9.971648
Train,7.083,7.2070055
Train,1.4768,1.4610275
Train,10.3643,10.407523
Train,1.4768,1.4525118
Train,1.719,1.7340885
Train,15.8352,16.119202
Train,15.4634,15.353054
Train,6.9266,6.800628
Train,12.7731,12.725378
Train,16.3043,16.527931
Train,1.4768,1.4661105
Train,1.719,1.7417988
Train,2.219,2.1909447
Train,13.0869,13.078135
Train,1.719,1.7009794
Train,1.819,1.8316191
Train,1.478,1.4683022
Train,1.919,1.8965461
Train,10.4268,10.467511
Train,1.5855,1.5767409
Train,1.4768,1.4701737
Train,4.1909,4.184743
Train,2.119,2.1525602
Train,0.96,0.92334104
Train,15.672,15.657851
Train,4.6423,4.9046736
Train,1.419,1.4517301
Train,2.5495,2.5051258
Train,7.7044,7.724106
Train,14.782,14.790637
Train,1.4855,1.5049194
Train,4.1058,4.063534
Train,10.0733,10.254483
Train,14.2866,14.336719
Train,3.5058,3.5049973
Train,14.2866,14.35796
Train,0.96,0.9569719
Train,4.6533,4.5818214
Train,1.8855,1.8683727
Train,1.5495,1.5625155
Train,1.6495,1.6340523
Train,5.6058,5.6263533
Train,2.2495,2.2499058
Train,5.5645,5.6339607
Train,1.4495,1.433745
Train,9.851,9.783511
Train,11.651,11.635789
Train,2.3855,2.445988
Train,1.1495,1.131107
Train,1.5876,1.5373622
Train,0.96,0.93935144
Train,1.478,1.4492395
Train,16.2869,16.322943
Train,3.2908,3.3476248
Train,1.6867,1.6424809
Train,1.4768,1.4843274
Train,9.9396,9.98258
Train,4.146,4.033902
Train,5.0909,5.1350713
Train,1.4768,1.474812
Train,1.4768,1.4526511
Train,1.4768,1.4735858
Train,13.8869,13.880797
Train,6.0743,6.2633944
Train,10.2223,10.260928
Train,1.319,1.362207
Train,15.4733,15.630462
Train,2.965,2.9656653
Train,15.4635,15.353054
Train,11.6509,11.635789
Train,2.3963,2.31072
Train,2.9058,2.9374244
Train,16.151,16.13055
Train,8.1899,8.301684
Train,12.2868,12.282342
Train,1.119,1.1025258
Train,4.1462,4.2987175
Train,1.819,1.8060225
Train,1.019,1.018468
Train,8.6909,8.76421
Train,1.4768,1.4589924
Train,18.2867,18.39017
Train,0.96,0.92403054
Train,7.373,7.428221
Train,9.5645,9.699435
Train,2.3495,2.3339343
Train,1.319,1.3435324
Train,15.3089,15.317834
Train,18.3088,18.227629
Train,1.319,1.3356174
Train,1.919,1.8919777
Train,0.619,0.59991145
Train,0.96,0.928918
Train,3.5058,3.565721
Train,2.119,2.1069677
Train,7.1508,7.0608535
Train,1.619,1.529375
Train,1.4768,1.4819837
Train,1.4768,1.466471
Train,4.4058,4.51611
Train,5.3043,5.266868
Train,0.96,0.98134744
Train,0.96,0.93986285
Train,11.3606,11.39108
Train,7.9645,8.068978
Train,12.9223,12.979157
Train,1.019,0.97695863
Train,1.619,1.6728867
Train,2.9304,2.7108488
Train,0.519,0.48910186
Train,1.5867,1.5779268
Train,14.6869,14.715301
Train,1.4768,1.4802723
Train,16.2001,16.355787
Train,1.4855,1.5260184
Train,1.9495,1.9589666
Train,2.2331,2.462293
Train,4.1909,4.2211084
Train,0.719,0.6863545
Train,6.1266,6.0108385
Train,5.9608,6.408671
Train,1.4768,1.4696114
Train,1.619,1.7400298
Train,1.319,1.3965073
Train,4.1633,4.2526975
Train,14.2867,14.322528
Train,2.7963,2.7601564
Train,1.319,1.2820362
Train,8.913,9.031826
Train,2.119,2.205925
Train,2.2495,2.2295525
Train,1.219,1.1889011
Train,9.3044,9.387741
Train,7.7043,7.6872153
Train,11.2361,11.10457
Train,4.4508,4.453991
Train,8.9508,8.789517
Train,11.8733,12.069534
Train,0.319,0.32194987
Train,7.8861,7.850875
Train,1.419,1.361099
Train,5.8004,5.7494874
Train,5.0606,5.1442757
Train,8.273,8.281062
Train,7.151,7.110988
Train,1.519,1.4614059
Train,12.5132,12.593065
Train,2.119,2.101494
Train,2.0495,2.0210958
Train,1.4768,1.4571353
Train,3.5439,3.4880931
Train,1.4867,1.4695975
Train,2.119,2.0236874
Train,16.2865,16.236044
Train,0.819,0.8047432
Train,11.6131,11.715923
Train,8.913,9.075908
Train,1.9495,1.9432367
Train,4.3034,4.2755136
Train,1.919,1.934311
Train,8.6909,8.644686
Train,12.0818,11.9942045
Train,17.4225,17.476454
Train,6.2508,6.239265
Train,1.619,1.6104803
Train,1.6855,1.6931938
Train,1.9495,1.9208299
Train,1.5495,1.5404927
Train,1.4768,1.4707724
Train,5.0909,5.1534467
Train,1.619,1.5379882
Train,2.6418,2.793885
Train,4.9526,4.738031
Train,2.319,2.310349
Train,1.019,0.98802495
Train,2.1855,2.2571728
Train,1.219,1.2477361
Train,2.1963,2.1864302
Train,2.2331,2.401184
Train,12.1462,12.321091
Train,17.2869,17.355427
Train,1.4768,1.4800731
Train,1.478,1.4524184
Train,19.3089,19.292639
Train,1.4768,1.4448515
Train,2.0855,2.1677406
Train,2.019,2.1081793
Train,1.919,1.9594125
Train,1.8876,1.8193562
Train,6.8743,7.042354
Train,1.4768,1.4541533
Train,1.219,1.2151037
Train,1.7876,1.6871188
Train,1.4768,1.4628123
Train,1.119,1.1530676
Train,2.119,2.071686
Train,14.2866,14.336719
Train,19.0904,19.225183
Train,1.319,1.3551704
Train,1.6867,1.6706274
Train,0.96,0.904242
Train,1.6855,1.6761209
Train,0.319,0.29495353
Train,9.8132,9.873255
Train,1.7876,1.6510807
Train,15.2511,15.346695
Train,17.2869,17.564589
Train,0.96,0.94079506
Train,2.219,2.308795
Train,17.273,17.367222
Train,12.4499,12.318036
Train,7.3732,7.5399027
Train,0.96,0.9279171
Train,1.4768,1.4665128
Train,1.4768,1.4665042
Train,0.96,0.9315078
Train,1.119,1.0573536
Train,16.373,16.430279
Train,1.019,1.0454437
Train,8.9131,9.027392
Train,0.96,0.9662105
Train,1.4768,1.4238044
Train,1.4768,1.4727324
Train,11.3461,11.327816
Train,18.0683,17.991783
Train,2.365,2.4057727
Train,2.3963,2.3157282
Train,3.5058,3.4451118
Train,6.4268,6.4474487
Train,3.5058,3.5770926
Train,1.4768,1.4700941
Train,8.5361,8.468195
Train,1.7963,1.8006556
Train,17.2866,17.321033
Train,1.619,1.6220087
Train,1.4768,1.4629238
Train,4.4058,4.400982
Train,12.551,12.688237
Train,11.5093,11.659514
Train,1.4495,1.4241439
Train,15.3088,15.317834
Train,12.773,12.898253
Train,1.4768,1.4433408
Train,2.2495,2.2566571
Train,0.96,0.9077737
Train,12.146,12.108776
Train,0.96,0.9398247
Train,6.7395,6.702847
Train,2.019,1.9635495
Train,13.882,13.87349
Train,1.819,1.7234591
Train,5.6256,5.6197963
Train,7.1643,7.210435
Train,5.313,5.5903406
Train,2.4495,2.4269521
Train,6.9044,6.9579744
Train,3.3461,3.4045973
Train,2.4927,2.7132776
Train,4.1423,4.340926
Train,2.0876,2.0974288
Train,0.219,0.23942032
Train,1.919,1.8558897
Train,4.1058,4.122141
Train,1.4768,1.45317
Train,4.5043,4.4023957
Train,6.0521,5.9462028
Train,0.96,0.9358691
Train,12.1361,12.0257
Train,5.3526,5.21858
Train,5.0908,5.0362844
Train,16.3088,16.323822
Train,0.96,0.93745077
Train,5.8868,5.8923693
Train,14.2869,14.603612
Train,11.9645,11.899379
Train,16.5995,16.86797
Train,2.4495,2.4336443
Train,14.3508,14.350482
Train,2.4495,2.4513848
Train,12.1461,12.250178
Train,4.9461,4.9700985
Train,2.419,2.452952
Train,2.4495,2.4797034
Train,12.3395,12.561986
Train,0.319,0.30661878
Train,3.2058,3.1261168
Train,7.5396,7.5647926
Train,1.4768,1.456223
Train,1.4768,1.465072
Train,15.1643,15.280383
Train,0.919,0.8988806
Train,0.96,0.94434226
Train,1.619,1.5985034
Train,7.4869,7.5901413
Train,2.1855,2.2802052
Train,16.2,16.060053
Train,4.946,4.8542805
Train,1.6855,1.6894412
Train,1.519,1.447892
Train,9.5608,9.951002
Train,1.4768,1.4475422
Train,11.6499,11.714894
Train,1.619,1.7400467
Train,8.8269,8.834295
Train,2.0129,2.20573
Train,1.8855,1.8910683
Train,4.3034,4.329824
Train,9.5908,9.479533
Train,10.8499,10.709152
Train,4.1058,4.1509943
Train,14.5634,14.490682
Train,2.965,2.9953237
Train,13.451,13.588711
Train,1.4768,1.4845389
Train,5.6058,5.5577984
Train,8.4499,8.318274
Train,1.4768,1.4526814
Train,0.96,0.93980396
Train,9.8509,9.772662
Train,7.791,7.8703127
Train,0.96,0.93156254
Train,12.2909,12.331923
Train,1.219,1.2122442
Train,2.1495,2.1388693
Train,1.919,1.9667314
Train,2.9688,3.0169554
Train,1.4495,1.4524828
Train,1.0495,1.0185671
Train,10.9043,10.850633
Train,2.4495,2.4454079
Train,6.1043,6.1391554
Train,0.96,0.9177772
Train,2.219,2.1682703
Train,0.96,0.9333924
Train,2.119,2.1624405
Train,0.96,0.90644956
Train,3.7266,3.5579913
Train,12.7733,12.982651
Train,10.7508,10.666844
Train,4.7058,4.7985916
Train,11.1643,11.187465
Train,1.319,1.327927
Train,0.96,0.95047045
Train,9.1733,9.39292
Train,12.45,12.488732
Train,12.7866,12.722949
Train,5.1395,5.205674
Train,5.991,5.965641
Train,1.4768,1.4301982
Train,1.4768,1.474395
Train,6.2861,6.256777
Train,2.019,1.989725
Train,1.119,1.0815817
Train,12.0268,12.065722
Train,2.0495,2.043864
Train,2.3439,2.2799037
Train,1.4768,1.4434592
Train,4.7866,4.7630014
Train,16.2001,16.347723
Train,1.4768,1.462306
Train,9.813,9.979935
Train,6.9995,6.814694
Train,1.719,1.6218822
Train,2.7963,2.6903715
Train,0.119,0.14674157
Train,0.96,0.9385387
Train,10.6869,10.829828
Train,15.7361,15.805984
Train,3.265,3.3437614
Train,4.1908,4.1626935
Train,18.3088,18.301966
Train,6.7361,6.7782087
Train,1.5495,1.5633456
Train,1.4495,1.462154
Train,12.2909,12.3481865
Train,9.8508,9.812629
Train,1.9495,1.9357511
Train,2.6511,2.911899
Train,13.4131,13.501092
Train,4.9256,4.9885235
Train,9.173,9.286618
Train,1.819,1.7771603
Train,14.7226,14.8340435
Train,2.0495,2.0224874
Train,1.319,1.400128
Train,3.2058,3.1715565
Train,10.6869,10.670966
Train,5.991,6.004777
Train,1.7495,1.7402372
Train,4.1439,4.3750477
Train,4.8521,4.6543903
Train,5.3058,5.34668
Train,2.651,2.7261178
Train,7.7908,7.7997384
Train,1.4768,1.4612765
Train,1.119,1.0851617
Train,0.96,0.9525914
Train,13.4132,13.463082
Train,1.8495,1.8298116
Train,10.6858,10.715795
Train,0.96,0.9210645
Train,8.0963,8.322573
Train,11.873,12.007605
Train,2.3867,2.415719
Train,1.4768,1.4694781
Train,9.5909,9.540326
Train,0.96,0.93649125
Train,1.8855,1.9266557
Train,1.4768,1.4702756
Train,1.4768,1.4591438
Train,1.819,1.8187594
Train,1.478,1.4609106
Train,1.6855,1.6994289
Train,4.673,4.927623
Train,1.219,1.2778996
Train,13.5,13.659182
Train,1.5855,1.6248606
Train,1.519,1.5161909
Train,2.9058,2.9386628
Train,8.0131,8.1102085
Train,17.2867,17.321043
Train,1.119,1.0939192
Train,10.4909,10.515801
Train,1.4768,1.4459397
Train,5.6058,5.544161
Train,6.3004,6.401355
Train,3.8439,3.9503856
Train,9.25,9.246992
Train,10.9733,11.152667
Train,9.5866,9.581499
Train,1.019,1.0192829
Train,13.7462,13.897
Train,1.219,1.2150329
Train,12.291,12.398865
Train,2.0855,2.1298718
Train,1.4768,1.4459192
Train,0.96,0.93898964
Train,2.6495,2.6687646
Train,1.4768,1.4962809
Train,8.8828,9.044127
Train,7.151,7.182212
Train,14.573,14.659719
Train,1.4768,1.467901
Train,0.96,0.9368683
Train,6.7093,6.782497
Train,4.9526,4.7290707
Train,1.5867,1.5479503
Train,1.4768,1.4544238
Train,2.6495,2.652479
Train,6.8908,6.912907
Train,0.419,0.38132992
Train,14.2866,14.290737
Train,1.4768,1.4660105
Train,1.519,1.6068944
Train,1.319,1.3019695
Train,12.291,12.402171
Train,1.4768,1.4824809
Train,6.0521,6.0231986
Train,15.2865,15.305146
Train,17.4169,17.703348
Train,13.4511,13.583324
Train,0.96,0.96646345
Train,1.4768,1.4640876
Train,12.5508,12.374814
Train,4.9256,4.888677
Train,9.8508,9.759042
Train,0.96,0.9566591
Train,2.9035,2.8901331
Train,5.8004,6.0330625
Train,0.96,0.9455992
Train,0.96,0.93945014
Train,17.2732,17.371778
Train,7.1866,7.337124
Train,2.019,2.1915998
Train,2.319,2.4633536
Train,1.9495,1.9270908
Train,5.091,5.1350713
Train,1.6495,1.653116
Train,3.1643,3.177927
Train,3.7681,3.7018473
Train,0.96,0.94111574
Train,1.4768,1.4679536
Train,13.3856,13.397847
Train,10.751,10.67455
Train,3.1643,3.177351
Train,4.1816,4.3706045
Train,18.173,18.333021
Train,2.5322,2.7132776
Train,8.0132,8.1102085
Train,1.719,1.8069118
Train,2.3963,2.3352103
Train,9.4361,9.348475
Train,2.6418,2.8790812
Train,2.1855,2.2929487
Train,2.019,1.9810106
Train,3.2058,3.2305467
Train,1.319,1.3435324
Train,4.9526,4.7551975
Train,3.6423,3.898019
Train,0.96,0.9437822
Train,13.8869,14.036403
Train,3.2909,3.3761852
Train,8.691,8.767542
Train,4.1058,4.171846
Train,1.4768,1.4510196
Train,15.2865,15.358919
Train,10.4608,10.522438
Train,14.4,14.611543
Train,15.4869,15.699613
Train,6.1044,6.213821
Train,9.8131,9.851253
Train,2.9963,2.7839086
Train,17.273,17.346947
Train,2.9058,2.9614143
Train,14.3643,14.424827
Train,1.7867,1.7544094
Train,11.3462,11.53842
Train,2.9418,3.0674822
Train,16.8817,16.9617
Train,3.2418,3.4550347
Train,6.7362,6.8322687
Train,3.3304,3.1207728
Train,0.96,0.92987454
Train,13.3828,13.438004
Train,1.619,1.6422578
Train,1.4768,1.4682112
Train,5.7461,5.6852765
Train,2.119,2.154385
Train,1.519,1.5676777
Train,1.478,1.4534402
Train,0.96,0.93352234
Train,3.5058,3.5500617
Train,1.8495,1.8493613
Train,3.5418,3.8486469
Train,5.3508,5.244985
Train,5.9909,6.0033574
Train,9.5909,9.608394
Train,1.4768,1.4522583
Train,1.6495,1.6390357
Train,10.6856,10.708526
Train,1.519,1.5103725
Train,11.8732,11.999768
Train,2.7963,2.5710528
Train,1.9963,1.9459509
Train,17.0682,16.938112
Train,1.919,1.914517
Train,3.3688,3.3449857
Train,1.919,2.1735559
Train,4.5688,4.626036
Train,17.2866,17.39968
Train,7.346,7.2948437
Train,2.3495,2.3336587
Train,1.9495,1.9400374
Train,10.1044,10.172053
Train,1.719,1.7965399
Train,2.9058,2.968718
Train,2.3495,2.3543892
Train,3.7526,3.4907563
Train,0.96,0.93425095
Train,4.5917,4.902979
Train,16.1508,16.063904
Train,1.9495,1.9418732
Train,0.9495,0.9243227
Train,17.6354,17.88605
Train,2.3867,2.456093
Train,8.5043,8.624126
Train,1.919,1.9215175
Train,13.8818,13.859435
Train,3.7304,3.6223078
Train,1.9876,1.9276923
Train,12.7866,12.92474
Train,7.5963,7.695297
Train,1.4768,1.4596033
Train,2.9439,2.878671
Train,11.7004,11.855438
Train,1.4768,1.4630276
Train,1.019,1.0151794
Train,8.9899,9.02949
Train,5.9909,6.0298867
Train,6.473,6.5669727
Train,1.719,1.7156993
Train,1.4768,1.4440693
Train,4.1461,4.121229
Train,1.619,1.5260382
Train,1.4768,1.4622494
Train,1.819,2.0279405
Train,1.9963,2.0259173
Train,9.2499,9.074325
Train,3.2909,3.3476248
Train,3.8058,3.8120427
Train,1.4768,1.4928848
Train,2.019,1.9544324
Train,9.5645,9.546864
Train,1.819,1.9902025
Train,11.6509,11.620212
Train,12.2908,12.226184
Train,11.6511,11.785407
Train,6.1044,6.1699157
Train,1.419,1.4517301
Train,14.7225,14.820985
Train,10.1995,10.178
Train,17.3088,17.360191
Train,9.1395,9.283116
Train,6.3256,6.427331
Train,3.2058,3.2746894
Train,1.6855,1.659059
Train,1.7495,1.7402372
Train,13.1396,13.263348
Train,3.8439,3.9069963
Train,1.3495,1.3100467
Train,1.5495,1.5126686
Train,12.2869,12.440822
Train,6.2058,6.2468925
Train,2.1867,2.1930015
Train,1.7855,1.7606899
Train,15.2866,15.306839
Train,9.6269,9.674603
Train,16.7354,16.9257
Train,2.2495,2.222718
Train,11.3908,11.286136
Train,1.478,1.464047
Train,1.4768,1.4610871
Train,2.6495,2.7125616
Train,0.96,0.94479346
Train,1.4867,1.4981477
Train,15.1858,15.176623
Train,0.96,0.9337791
Train,13.2499,13.135306
Train,18.3089,18.301966
Train,1.4768,1.4921937
Train,2.0876,2.0796926
Train,1.478,1.4614924
Train,7.373,7.394406
Train,0.9495,0.928314
Train,1.5855,1.5991608
Train,1.4768,1.4734874
Train,6.3643,6.3042483
Train,14.351,14.347513
Train,1.919,2.1142988
Train,5.3509,5.3558755
Train,9.5643,9.609826
Train,1.3495,1.3371142
Train,8.913,9.0432205
Train,3.3688,3.3547094
Train,4.3035,4.3210154
Train,6.891,6.9357786
Train,2.5963,2.4152312
Train,0.9495,0.9390396
Train,1.4768,1.4476858
Train,8.051,8.003331
Train,1.4768,1.4367642
Train,13.2865,13.315169
Train,1.6495,1.6148998
Train,2.2331,2.4113836
Train,0.919,0.89154327
Train,12.5131,12.593065
Train,1.5129,1.3820118
Train,20.3087,20.36813
Train,4.4058,4.400982
Train,1.4129,1.2432016
Train,0.419,0.3932641
Train,12.5995,12.726516
Train,0.96,0.9617851
Train,1.619,1.5583162
Train,14.9674,15.04606
Train,2.019,1.9014369
Train,13.8225,13.86193
Train,11.3909,11.464488
Train,0.96,0.9172487
Train,19.0904,19.238512
Train,1.0495,1.0177652
Train,9.591,9.676003
Train,2.965,2.9793458
Train,12.9462,13.115705
Train,1.419,1.3939947
Train,1.519,1.5503944
Train,1.819,1.8079557
Train,2.119,2.0848274
Train,0.9495,0.9355675
Train,1.7495,1.7516427
Train,2.8169,2.7714698
Train,1.319,1.3909744
Train,14.9354,15.096499
Train,1.478,1.421758
Train,8.273,8.329225
Train,3.3304,3.1459084
Train,1.519,1.444793
Train,2.5495,2.5189373
Train,10.7509,10.714971
Train,2.9058,2.8852084
Train,1.4495,1.4547675
Train,1.3495,1.3237998
Train,1.719,1.713224
Train,2.6495,2.6830873
Train,0.619,0.60305643
Train,3.3304,3.1480227
Train,0.219,0.23171017
Train,13.2869,13.651964
Train,13.4509,13.441847
Train,10.8741,10.847266
Train,2.6439,2.4700694
Train,2.319,2.3519487
Train,20.3088,20.28729
Train,1.4768,1.4398036
Train,1.4768,1.4626873
Train,3.7043,3.789571
Train,12.0269,12.065722
Train,16.2866,16.399996
Train,5.0909,5.099526
Train,2.9418,3.1681788
Train,16.6718,16.604853
Train,1.319,1.3116165
Train,0.96,0.94619215
Train,0.96,0.9333377
Train,1.219,1.2122427
Train,1.4768,1.4726998
Train,5.0869,5.1945844
Train,2.219,2.1607795
Train,1.119,1.133939
Train,1.319,1.29056
Train,3.2058,3.177998
Train,0.96,0.9498161
Train,1.478,1.4679273
Train,16.3089,16.323822
Train,1.6495,1.6325066
Train,8.9461,8.882072
Train,0.96,0.92446864
Train,1.019,1.0254729
Train,18.3087,18.41705
Train,2.9688,2.9909444
Train,5.9058,5.837095
Train,2.3495,2.3722334
Train,1.519,1.5503944
Train,16.7352,17.021114
Train,6.3256,6.4363585
Train,1.719,1.7319981
Train,13.1354,13.306603
Train,13.604,13.561294
Train,2.4331,2.663044
Train,15.2865,15.247462
Train,3.1336,3.1937199
Train,1.0495,1.0339879
Train,2.219,2.1676962
Train,7.7909,7.8425794
Train,4.1058,4.1397333
Train,1.4768,1.4738996
Train,6.1044,6.1562924
Train,2.4495,2.4141903
Train,10.3643,10.435877
Train,15.2866,15.360612
Train,7.7995,7.718817
Train,6.251,6.249941
Train,17.2865,17.39567
Train,0.96,0.92888856
Train,4.0963,3.9948668
Train,5.9909,5.9742
Train,6.5461,6.4910235
Train,1.6495,1.6644717
Train,1.319,1.3440617
Train,2.119,1.9820548
Train,2.5963,2.4058874
Train,1.4768,1.4780129
Train,1.7867,1.7368597
Train,15.2509,15.282522
Train,14.3509,14.347513
Train,10.073,10.19787
Train,13.2865,13.21844
Train,5.6269,5.6784816
Train,15.3091,15.379592
Train,1.8495,1.8402492
Train,8.691,8.753774
Train,4.3034,4.3242273
Train,1.9876,1.9589444
Train,10.4608,10.83607
Train,1.3495,1.328155
Train,14.3509,14.350482
Train,9.9395,10.052588
Train,2.219,2.2830477
Train,2.9418,3.0587294
Train,2.319,2.3248773
Train,4.4058,4.422613
Train,2.6418,2.863701
Train,2.0495,2.0436866
Train,3.6423,3.8832781
Train,5.8361,5.9452558
Train,17.0684,17.222445
Train,3.2058,3.2512646
Train,1.919,1.8691887
Train,0.96,0.95646226
Train,1.4876,1.4922893
Train,10.073,10.191472
Train,6.0963,5.874682
Train,5.5643,5.4442263
Train,15.4731,15.411698
Train,2.219,2.1461246
Train,15.6718,15.592016
Train,3.5439,3.4611936
Train,0.96,0.9137815
Train,0.96,0.9336902
Train,13.672,13.737403
Train,1.2495,1.232224
Train,16.2867,16.399307
Train,4.4508,4.326387
Train,1.4768,1.482158
Train,1.478,1.4397806
Train,8.951,8.865828
Train,7.3733,7.6332054
Train,0.96,0.92165816
Train,1.7963,1.8372082
Train,16.2001,16.413153
Train,3.8418,4.316879
Train,11.1866,11.157684
Train,4.6861,4.584537
Train,11.3909,11.401253
Train,1.019,1.0045872
Train,0.96,0.9462646
Train,19.3088,19.251554
Train,1.4855,1.484952
Train,17.0684,17.03942
Train,3.6423,3.8253517
Train,9.0868,9.024602
Train,0.96,0.9440111
Train,12.7643,12.741582
Train,16.2002,16.089989
Train,14.2867,14.359157
Train,6.473,6.498245
Train,1.8495,1.8402492
Train,0.96,0.90900266
Train,0.119,0.17075375
Train,1.919,1.9971284
Train,2.219,2.1619124
Train,2.119,2.203079
Train,0.96,0.9513383
Train,3.3526,3.2948303
Train,10.6828,10.76308
Train,0.96,0.9642093
Train,16.3088,16.296675
Train,5.1633,5.0924797
Train,2.4331,2.710937
Train,11.613,11.735299
Train,1.219,1.258622
Train,19.3091,19.314537
Train,10.4909,10.567147
Train,2.219,2.2607865
Train,1.6855,1.6907793
Train,3.8418,4.3105702
Train,18.2866,18.306002
Train,1.4768,1.4469377
Train,2.2495,2.232782
Train,14.3132,14.350085
Train,14.2865,14.336719
Train,13.2867,13.311015
Train,1.5855,1.5647994
Train,18.4536,18.52559
Train,4.7058,4.741139
Train,2.6418,2.7481184
Train,12.082,12.147222
Train,17.0682,16.997814
Train,2.365,2.4057727
Train,16.2867,16.34407
Train,17.1,17.339323
Train,1.7855,1.8024625
Train,2.6418,2.8873632
Train,1.7495,1.740459
Train,17.2042,17.159037
Train,1.419,1.4169542
Train,14.504,14.448436
Train,1.4768,1.5280324
Train,4.5149,4.8834267
Train,11.3909,11.433721
Train,1.019,1.0352713
Train,5.7903,5.806609
Train,8.9508,8.868655
Train,0.919,0.90285194
Train,5.3526,5.1709504
Train,12.2869,12.282342
Train,1.519,1.5221771
Train,3.3688,3.4096818
Train,7.1645,7.3168592
Train,6.891,6.9719653
Train,3.5509,3.5620413
Train,1.4768,1.4524966
Train,12.2909,12.288329
Train,2.5495,2.5379877
Train,1.819,1.8652955
Train,9.5643,9.63188
Train,1.5876,1.542255
Train,2.019,2.2427654
Train,9.5909,9.625728
Train,7.7909,7.830271
Train,8.0508,8.004847
Train,10.1044,10.195639
Train,10.05,10.051961
Train,2.5495,2.5385842
Train,6.251,6.352959
Train,13.5,13.376891
Train,0.719,0.7133226
Train,0.96,0.91211605
Train,14.5635,14.638225
Train,13.25,13.314816
Train,6.6869,6.681348
Train,9.8131,9.873255
Train,3.8058,3.803001
Train,1.2495,1.2120408
Train,1.0495,1.0019631
Train,3.2058,3.263912
Train,9.8869,9.853135
Train,0.96,0.9394673
Train,1.2495,1.2146479
Train,12.551,12.469267
Train,1.4768,1.4690522
Train,10.3362,10.468344
Train,1.819,1.8401235
Train,8.1597,8.14551
Train,1.478,1.4692316
Train,2.665,2.652297
Train,1.519,1.5549964
Train,16.672,16.632458
Train,1.4768,1.4479035
Train,0.96,0.9460989
Train,1.8495,1.8429226
Train,1.4768,1.444312
Train,0.9495,0.9078449
Train,5.0963,4.858374
Train,1.119,1.1130537
Train,0.96,0.9266236
Train,15.473,15.489872
Train,13.0361,13.126922
Train,0.96,0.9521729
Train,1.9855,2.0585787
Train,12.5131,12.504266
Train,2.9058,2.9315112
Train,2.1855,2.278044
Train,12.5509,12.516047
Train,4.7643,4.6182675
Train,1.5855,1.5844437
Train,1.5495,1.5512704
Train,1.4855,1.5094932
Train,1.478,1.460817
Train,1.4768,1.4541366
Train,1.119,1.0798973
Train,15.2867,15.372947
Train,1.5855,1.5827383
Train,2.5304,2.533135
Train,2.5495,2.5200248
Train,2.219,2.1892025
Train,1.4768,1.4751635
Train,14.9673,14.826233
Train,1.119,1.1195879
Train,16.2866,16.347147
Train,1.478,1.4629781
Train,6.8909,6.9251394
Train,0.96,0.9434036
Train,0.96,0.9218025
Train,2.5322,3.013065
Train,2.9034,2.893573
Train,1.5855,1.6285841
Train,9.5908,9.608394
Train,6.85,7.0379434
Train,8.5266,8.464705
Train,6.2511,6.4987974
Train,16.3087,16.461424
Train,2.119,2.1952267
Train,6.6868,6.681348
Train,1.4855,1.4870837
Train,14.4001,14.61362
Train,20.3091,20.291237
Train,2.5304,2.4997196
Train,3.1866,3.2781665
Train,5.1633,5.1737523
Train,1.119,1.1080261
Train,2.643,2.6691463
Train,0.9495,0.91068155
Train,11.2361,11.309889
Train,15.251,15.250252
Train,12.5509,12.541002
Train,1.919,2.1142073
Train,4.673,4.944422
Train,8.6909,8.750442
Train,1.819,1.7476153
Train,5.6533,5.6762257
Train,3.3526,3.2184477
Train,1.419,1.4731582
Train,1.319,1.3510983
Train,12.2869,12.703829
Train,10.4606,10.48347
Train,4.1917,4.3938274
Train,8.0509,8.051018
Train,3.9866,4.0832286
Train,2.019,2.0900764
Train,14.573,14.640605
Train,1.2495,1.2451758
Train,12.2909,12.349555
Train,5.0608,5.479914
Train,1.4768,1.470976
Train,0.96,0.96543205
Train,1.4768,1.496569
Train,0.96,0.9313134
Train,6.8499,6.959787
Train,18.0685,18.17211
Train,1.319,1.3188406
Train,2.319,2.3205132
Train,1.4768,1.4326895
Train,7.9645,7.9389105
Train,19.3087,19.38178
Train,1.6855,1.6726137
Train,1.819,1.8009607
Train,2.5495,2.552199
Train,1.4768,1.4850255
Train,16.3087,16.42422
Train,10.7396,10.762782
Train,17.2733,17.417086
Train,2.019,1.8760709
Train,19.0904,19.200087
Train,1.619,1.6236774
Train,2.119,2.0005133
Train,2.1495,2.1237323
Train,0.219,0.23221424
Train,6.4733,6.7850165
Train,3.7688,3.752724
Train,1.7963,1.861464
Train,1.419,1.3748392
Train,15.7995,16.043493
Train,5.9909,5.9997263
Train,3.2439,3.1454186
Train,0.96,1.0011381
Train,12.1362,12.307792
Train,11.6131,11.604856
Train,2.2855,2.3939934
Train,0.119,0.15255919
Train,2.965,2.9656653
Train,11.6508,11.620212
Train,13.8223,13.898034
Train,1.119,1.0741354
Train,1.319,1.2837269
Train,2.1495,2.1542156
Train,1.6876,1.562208
Train,11.1645,11.266195
Train,2.419,2.433773
Train,1.4768,1.4628434
Train,2.5963,2.4766884
Train,1.719,1.6479512
Train,1.6855,1.7306188
Train,1.219,1.1824197
Train,9.1731,9.146021
Train,1.4768,1.4723498
Train,2.3867,2.4396067
Train,1.619,1.7473205
Train,1.119,1.1277695
Train,3.5508,3.4881997
Train,11.651,11.561732
Train,5.991,6.0313063
Train,5.3526,5.3536935
Train,0.96,0.9576223
Train,0.96,0.93750966
Train,2.319,2.4050176
Train,3.8058,3.8095913
Train,14.3089,14.346154
Train,17.6352,17.944864
Train,2.219,2.2461407
Train,14.6718,14.606486
Train,2.219,2.1635728
Train,1.319,1.3010494
Train,8.6559,8.691434
Train,7.151,7.275131
Train,1.4768,1.4371911
Train,15.1643,15.21288
Train,17.3087,17.477854
Train,14.313,14.502343
Train,15.2867,15.326451
Train,11.6132,11.713281
Train,2.9963,2.9705176
Train,1.4855,1.5164276
Train,16.6361,16.69776
Train,0.96,0.94565845
Train,1.4768,1.4545465
Train,16.2869,16.545889
Train,5.3058,5.3305116
Train,2.0495,2.025897
Train,2.119,2.0656972
Train,10.3866,10.377377
Train,3.7688,3.7129486
Train,13.2499,13.332198
Train,1.9855,2.0346563
Train,1.4768,1.4912186
Train,3.5058,3.437265
Train,13.4131,13.463082
Train,0.96,0.9372786
Train,1.4768,1.4851242
Train,2.519,2.6395164
Train,14.0674,14.165013
Train,1.4855,1.5365576
Train,1.619,1.6311969
Train,0.819,0.8047432
Train,0.519,0.49686894
Train,4.2256,4.396651
Train,12.4856,12.501874
Train,0.319,0.30352342
Train,9.8508,9.668723
Train,19.3087,19.404152
Train,1.719,1.7417191
Train,2.0876,2.0792706
Train,5.6256,5.6230917
Train,7.791,7.848537
Train,1.7855,1.7671347
Train,6.213,6.36843
Train,0.96,0.9337791
Train,2.3855,2.4511924
Train,1.019,0.9637834
Train,7.6361,7.6915455
Train,1.8855,1.8896464
Train,1.4768,1.4659567
Train,2.2867,2.3410127
Train,0.96,0.94240165
Train,5.4521,5.252268
Train,2.3495,2.354241
Train,6.4269,6.4474487
Train,0.119,0.16400027
Train,1.9855,2.057598
Train,1.1495,1.1527524
Train,16.5225,16.554663
Train,1.519,1.6209365
Train,0.96,0.942628
Train,1.019,1.0428272
Train,16.6361,16.558142
Train,1.919,1.8987284
Train,9.4362,9.578898
Train,1.478,1.4697864
Train,0.96,0.91687787
Train,2.119,2.075303
Train,7.65,7.7697678
Train,17.1001,17.33269
Train,9.8509,9.813483
Train,16.7353,16.861586
Train,1.219,1.204264
Train,3.5058,3.5699914
Train,4.1058,4.2187495
Train,0.819,0.7998972
Train,1.919,1.9286209
Train,1.4495,1.4346848
Train,12.5509,12.556799
Train,0.96,0.9327769
Train,8.6908,8.724416
Train,0.96,0.914524
Train,4.9526,4.8211946
Train,8.5044,8.556532
Train,7.2269,7.2354326
Train,1.4768,1.4670165
Train,10.5461,10.660925
Train,13.5001,13.625979
Train,0.419,0.37866628
Train,0.96,0.9505869
Train,10.9995,11.028502
Train,2.0867,2.1257124
Train,9.813,9.896733
Train,0.96,0.9510714
Train,1.3495,1.3314358
Train,1.219,1.1971501
Train,2.2495,2.2359653
Train,1.319,1.2899268
Train,10.751,10.895183
Train,8.9461,9.036955
Train,1.319,1.3019695
Train,7.0963,7.0325165
Train,0.319,0.31110194
Train,8.6908,8.707873
Train,1.419,1.5193597
Train,1.519,1.4919344
Train,1.619,1.6847961
Train,5.0058,5.186918
Train,4.4511,4.6724944
Train,1.4768,1.4805117
Train,2.219,2.11978
Train,0.96,0.92758656
Train,1.4768,1.4867035
Train,6.2058,6.303162
Train,20.0904,20.158045
Train,1.819,1.7177683
Train,9.591,9.695682
Train,14.3131,14.350085
Train,0.96,0.93788695
Train,7.9828,8.168943
Train,2.3495,2.3823502
Train,2.6509,2.7621672
Train,3.5058,3.4820538
Train,1.5855,1.5939078
Train,0.96,0.93357265
Train,6.4731,6.546055
Train,3.5058,3.5367067
Train,2.5963,2.4929268
Train,0.96,0.9321443
Train,8.2459,8.280796
Train,15.3,15.196104
Train,2.319,2.3808155
Train,1.619,1.6033387
Train,1.4768,1.4629174
Train,1.4768,1.4491763
Train,8.7866,8.953138
Train,0.96,0.93697906
Train,2.2495,2.2420464
Train,1.4768,1.4808217
Train,12.7459,12.780503
Train,0.96,0.94934475
Train,1.619,1.6104803
Train,7.6743,7.761981
Train,1.6495,1.6546321
Train,11.391,11.4717
Train,1.7963,1.854356
Train,1.619,1.6112682
Train,1.719,1.6456561
Train,2.019,2.028103
Train,8.051,8.041179
Train,3.6034,3.5999932
Train,4.4058,4.433138
Train,0.96,0.940483
Train,16.373,16.458204
Train,17.3088,17.263727
Train,13.4508,13.368474
Train,0.919,0.87391806
Train,2.319,2.3178387
Train,4.7866,4.904688
Train,4.4058,4.4544873
Train,12.9225,12.93187
Train,1.4768,1.4477154
Train,1.219,1.178224
Train,2.6508,2.7449865
Train,15.9817,16.1653
Train,5.746,5.6852765
Train,2.1867,2.255827
Train,1.6495,1.6603643
Train,2.6418,2.7500768
Train,5.0058,5.0225015
Train,7.7043,7.778275
Train,8.2761,8.313131
Train,17.3088,17.290028
Train,4.1533,4.2148247
Train,1.4768,1.4530756
Train,1.419,1.4263879
Train,12.7645,12.698634
Train,2.665,2.6701968
Train,16.2867,16.399996
Train,7.7044,7.7126174
Train,1.419,1.4441627
Train,0.319,0.3042775
Train,1.4855,1.4802202
Train,2.9304,2.7632852
Train,10.3361,10.39609
Train,1.919,1.8917334
Train,3.5058,3.5049973
Train,15.1645,15.162117
Train,11.1866,11.315713
Train,1.4768,1.487885
Train,1.7495,1.727565
Train,1.219,1.1542727
Train,8.9508,8.902271
Train,9.8131,9.800749
Train,2.2331,2.3677616
Train,0.96,0.92716503
Train,5.5866,5.567823
Train,2.2495,2.235931
Train,6.2132,6.4066367
Train,1.619,1.6235925
Train,10.9459,10.949575
Train,10.1043,10.2424965
Train,7.7044,7.6850624
Train,0.96,0.95832217
Train,0.619,0.6112238
Train,1.319,1.4032643
Train,10.1044,10.195106
Train,1.5855,1.5990707
Train,0.519,0.49720344
Train,13.9361,14.008657
Train,17.2866,17.265581
Train,2.3495,2.3297956
Train,6.1995,5.9519567
Train,6.1043,6.077473
Train,3.8058,3.8541906
Train,14.3643,14.3618145
Train,3.3526,3.1351848
Train,1.4768,1.4682107
Train,0.96,0.9208528
Train,10.973,11.033638
Train,1.819,1.6944655
Train,1.4768,1.4748358
Train,1.8876,1.7798932
Train,10.5462,10.714386
Train,4.5526,4.4011183
Train,6.7396,6.726632
Train,10.4908,10.515801
Train,5.9058,5.9037685
Train,6.8908,6.8234897
Train,11.4869,11.481793
Train,5.0908,5.0255713
Train,2.9963,2.903761
Train,15.3002,15.208684
Train,13.5643,13.583537
Train,1.519,1.5490276
Train,0.96,0.9379121
Train,2.3855,2.573497
Train,0.96,0.9271337
Train,2.1867,2.1712704
Train,0.96,0.9351685
Train,0.96,0.9436501
Train,10.713,10.829281
Train,2.0867,2.128499
Train,1.819,1.798287
Train,1.6495,1.6216849
Train,1.4768,1.4449322
Train,4.5816,4.8319216
Train,1.4768,1.431345
Train,11.1643,11.215276
Train,1.4495,1.433745
Train,3.8559,3.9238029
Train,3.346,3.3631916
Train,3.9866,3.9539442
Train,7.3459,7.335323
Train,16.2866,16.37777
Train,1.919,1.8656176
Train,1.519,1.6231021
Train,3.8058,3.8950837
Train,0.96,0.9251945
Train,16.1511,16.228474
Train,11.5828,11.659905
Train,2.319,2.3446116
Train,2.219,2.1672099
Train,2.6201,2.759584
Train,3.2058,3.1830568
Train,1.9876,1.949588
Train,7.3761,7.3447704
Train,15.6225,15.669666
Train,8.7645,8.741256
Train,4.1688,4.144169
Train,1.019,1.0247011
Train,14.9995,15.177587
Train,0.96,0.9604144
Train,0.96,0.95807207
Train,9.5909,9.666366
Train,9.4361,9.507336
Train,3.8418,4.3118324
Train,10.7131,10.785292
Train,11.346,11.327816
Train,0.9495,0.9337827
Train,0.819,0.81335765
Train,14.9673,15.03999
Train,3.1866,3.359372
Train,5.0058,5.009777
Train,15.2508,15.126481
Train,11.5858,11.590124
Train,1.419,1.4140341
Train,2.5304,2.4996438
Train,6.2508,6.256173
Train,8.9509,8.910734
Train,1.9495,1.9420701
Train,4.5963,4.4087586
Train,1.719,1.7065752
Train,5.8869,5.8923693
Train,5.2743,5.52078
Train,2.1495,2.136286
Train,9.3044,9.381344
Train,5.3526,5.207207
Train,8.7866,8.78135
Train,6.3866,6.379949
Train,8.7643,8.802404
Train,1.6867,1.6601138
Train,1.6495,1.6463308
Train,14.351,14.482078
Train,1.7855,1.7817351
Train,1.4768,1.4635315
Train,2.3855,2.5256236
Train,13.6731,13.645779
Train,7.6499,7.555891
Train,14.2869,14.367396
Train,2.319,2.335416
Train,10.7093,10.799422
Train,0.9495,0.8949436
Train,0.96,0.9239676
Train,14.8361,14.915652
Train,12.6,12.74543
Train,1.719,1.722473
Train,1.4768,1.4789628
Train,1.6495,1.6370095
Train,18.3088,18.254374
Train,1.4768,1.4652679
Train,1.019,1.051534
Train,1.919,2.089871
Train,1.319,1.2853167
Train,1.5495,1.5387007
Train,18.5353,18.785828
Train,8.0131,8.123663
Train,1.4768,1.4677514
Train,18.3089,18.28887
Train,1.478,1.4322295
Train,1.519,1.6041636
Train,7.983,8.081231
Train,14.0673,13.965621
Train,1.519,1.4999977
Train,12.6002,12.474082
Train,10.8743,11.021789
Train,1.7867,1.7318873
Train,9.6268,9.674603
Train,14.9352,15.229951
Train,1.4768,1.4607697
Train,14.351,14.308669
Train,10.2861,10.236892
Train,1.4867,1.4899459
Train,4.3034,4.3210154
Train,2.3495,2.3339262
Train,5.7462,5.9370117
Train,1.219,1.273411
Train,2.1495,2.1598783
Train,7.1643,7.1976166
Train,3.8058,3.8985653
Train,18.3087,18.384153
Train,1.4768,1.4595432
Train,5.8361,5.8153915
Train,0.919,0.87788945
Train,2.319,2.5809846
Train,2.3495,2.3198745
Train,2.219,2.1123748
Train,9.7462,9.900402
Train,0.619,0.5891372
Train,7.0861,7.0650644
Train,1.519,1.6135854
Train,1.419,1.3939947
Train,2.319,2.323907
Train,13.0361,12.951566
Train,2.1495,2.1309392
Train,0.819,0.8019899
Train,1.719,1.8669585
Train,2.3963,2.2441125
Train,2.665,2.636755
Train,0.96,0.9158596
Train,2.3855,2.5997095
Train,13.2866,13.315169
Train,1.619,1.6592735
Train,1.219,1.2353737
Train,1.4768,1.4564449
Train,3.265,3.3139195
Train,17.0684,17.070444
Train,5.6058,5.6662893
Train,0.9495,0.903662
Train,1.8855,1.9224399
Train,5.1633,5.250894
Train,13.6733,13.864738
Train,1.019,0.9953822
Train,1.4768,1.4769608
Train,1.019,0.9931735
Train,1.419,1.4263879
Train,2.319,2.2585554
Train,17.3087,17.451456
Train,1.3495,1.3372797
Train,3.5418,3.8615036
Train,1.9876,1.9347106
Train,1.4768,1.4812807
Train,0.96,0.97370195
Train,18.0683,18.10636
Train,1.4768,1.4813288
Train,1.4495,1.4218498
Train,1.4768,1.5369319
Train,1.9867,2.0144534
Train,13.451,13.396613
Train,1.519,1.4570768
Train,2.2495,2.2710104
Train,1.719,1.6377287
Train,2.019,1.9575154
Train,1.4768,1.475392
Train,9.4559,9.5347395
Train,1.8495,1.8268576
Train,8.946,8.882072
Train,1.719,1.7273463
Train,14.4004,14.483232
Train,0.96,0.9421843
Train,17.2865,17.250326
Train,2.9439,2.80394
Train,2.219,2.3483171
Train,5.3526,5.21858
Train,1.478,1.4535401
Train,1.4768,1.4744631
Train,1.6876,1.5985475
Train,1.7855,1.7924323
Train,12.4828,12.552227
Train,7.9643,8.010825
Train,1.4768,1.4445994
Train,1.4768,1.4602827
Train,3.8058,3.8474212
Train,2.5495,2.5640285
Train,18.2866,18.21783
Train,1.419,1.3712922
Train,2.219,2.252562
Train,11.6508,11.580525
Train,16.3733,16.518717
Train,11.7044,11.809108
Train,18.173,18.307953
Train,9.7461,9.842127
Train,9.7828,9.856978
Train,15.682,15.664618
Train,12.5131,12.617501
Train,0.9495,0.94109476
Train,7.6741,7.6968026
Train,15.4869,15.544118
Train,0.96,0.9198332
Train,16.1508,16.01
Train,2.4495,2.4483824
Train,1.219,1.1971501
Train,1.4768,1.5051184
Train,6.8909,6.967057
Train,1.719,1.7038627
Train,1.719,1.6286359
Train,8.5044,8.521797
Train,3.4169,3.357387
Train,2.1855,2.265471
Train,0.96,0.9611474
Train,12.513,12.63476
Train,15.9817,16.109533
Train,1.519,1.5161831
Train,3.8058,3.748479
Train,2.9418,3.100556
Train,1.4768,1.4754549
Train,3.2058,3.1975303
Train,2.119,1.9869076
Train,1.419,1.3813673
Train,1.4768,1.4520261
Train,3.2909,3.3690782
Train,0.96,0.9082491
Train,14.3509,14.358613
Train,2.0495,2.0496593
Train,1.0129,0.94281006
Train,1.4768,1.4483062
Train,1.478,1.461114
Train,5.1533,5.102242
Train,5.9908,5.977963
Train,13.2867,13.356212
Train,4.0169,4.0424614
Train,9.3043,9.45535
Train,2.119,2.1695366
Train,5.5963,5.328796
Train,9.3995,9.355824
Train,2.7336,2.7231798
Train,15.7362,15.872637
Train,1.4768,1.4736207
Train,0.96,0.9286114
Train,16.3043,16.356125
Train,1.919,1.9099214
Train,1.4855,1.5173596
Train,1.9963,1.955185
Train,5.573,5.7057896
Train,2.019,1.9337164
Train,9.3266,9.35325
Train,15.3004,15.41938
Train,1.919,1.9069644
Train,1.4768,1.4597511
Train,1.919,1.8760356
Train,1.5495,1.5341947
Train,0.96,0.97028756
Train,2.0495,2.0448992
Train,11.2269,11.260281
Train,1.4768,1.4708924
Train,8.9131,9.000504
Train,1.4768,1.4472312
Train,2.9963,2.8974824
Train,16.2865,16.309896
Train,13.5004,13.572753
Train,2.0495,2.0461426
Train,0.96,0.9387573
Train,2.119,2.1525712
Train,2.1867,2.2329652
Train,3.2418,3.5283246
Train,2.0876,2.0779006
Train,11.182,11.309849
Train,13.451,13.441847
Train,1.619,1.5435448
Train,1.819,1.8123227
Train,7.2268,7.2354326
Train,4.5526,4.287352
Train,2.4331,2.7045815
Train,2.119,2.0032115
Train,1.6495,1.6591623
Train,5.573,5.688901
Train,2.9058,2.855556
Train,19.0907,19.240767
Train,1.4768,1.4617263
Train,1.919,1.8219315
Train,4.4058,4.4918394
Train,1.819,2.007478
Train,2.019,2.060494
Train,2.2855,2.3844037
Train,0.96,0.89669746
Train,3.2439,3.1153746
Train,1.4768,1.474049
Train,2.5963,2.745427
Train,14.3131,14.303349
Train,3.5058,3.5945845
Train,0.96,0.9291247
Train,13.2865,13.339507
Train,1.4768,1.4682274
Train,0.96,0.9626148
Train,0.719,0.7218551
Train,1.919,1.9187759
Train,11.8761,11.892361
Train,0.96,0.92989624
Train,4.7058,4.7985916
Train,12.513,12.710729
Train,2.119,2.0055327
Train,9.851,9.772662
Train,1.819,1.7861885
Train,13.673,13.793383
Train,13.6732,13.810348
Train,1.4768,1.4663743
Train,3.2439,3.1390338
Train,1.319,1.3019695
Train,2.6495,2.7379985
Train,15.3001,15.443034
Train,14.313,14.535353
Train,10.0732,10.164553
Train,3.2908,3.3690782
Train,2.019,1.9817249
Train,3.2908,3.3510206
Train,2.6418,2.7883072
Train,3.2418,3.4190989
Train,10.9731,10.881066
Train,7.9643,7.997961
Test,1.4768,1.4446702
Test,1.4768,1.4456044
Test,1.4768,1.4424254
Test,1.4768,1.4412311
Test,1.4768,1.4440857
Test,1.4768,1.4540328
Test,1.4768,1.4620665
Test,1.4768,1.4701712
Test,1.4768,1.4629557
Test,1.4768,1.4499058
Test,1.4768,1.4468023
Test,1.4876,1.4632541
Test,1.5876,1.508422
Test,1.6876,1.5675942
Test,1.7876,1.6567016
Test,1.8876,1.7873131
Test,1.9876,1.9376017
Test,2.0876,2.0922232
Test,2.3439,2.3040278
Test,2.6439,2.5153809
Test,2.9439,2.7869568
Test,3.2439,3.1153746
Test,3.5439,3.4611936
Test,3.8439,3.9069963
Test,4.1439,4.3706045
Test,4.5045,4.8319216
Test,5.3045,5.3881874
Test,6.1045,6.1562924
Test,6.9045,6.9579744
Test,7.7045,7.7126174
Test,8.5045,8.556532
Test,9.3045,9.387741
Test,10.1045,10.172053
Test,10.9045,10.977864
Test,11.7045,11.809108
Test,12.6002,12.689105
Test,13.5002,13.603243
Test,14.4002,14.559067
Test,15.3002,15.434784
Test,16.2002,16.33956
Test,17.1002,17.285236
Test,0.119,0.1595811
Test,0.219,0.22843722
Test,0.319,0.29404122
Test,0.419,0.3701449
Test,0.519,0.47641847
Test,0.619,0.6182927
Test,0.719,0.7130981
Test,0.819,0.81266457
Test,0.919,0.9034132
Test,1.019,0.9986782
Test,1.119,1.1040229
Test,1.219,1.2074428
Test,1.319,1.3134933
Test,1.419,1.4181813
Test,1.519,1.5181314
Test,1.619,1.6202966
Test,1.719,1.7241786
Test,1.819,1.8267622
Test,1.919,1.9470674
Test,2.019,2.0912056
Test,2.119,2.2358556
Test,2.219,2.3483171
Test,2.365,2.4810824
Test,2.665,2.6701968
Test,2.965,2.9793458
Test,3.265,3.3139195
Test,3.886,3.8062668
Test,4.686,4.584537
Test,5.486,5.4157686
Test,6.286,6.256777
Test,7.086,7.0650644
Test,7.886,7.850875
Test,8.686,8.623552
Test,9.486,9.403803
Test,10.286,10.236892
Test,11.1817,11.109765
Test,12.0817,11.9942045
Test,12.9817,12.928075
Test,13.8817,13.859435
Test,14.7817,14.813678
Test,15.6817,15.645542
Test,1.4768,1.4515224
Test,1.4768,1.4534055
Test,1.4768,1.4520829
Test,1.4768,1.4524729
Test,1.4768,1.4554163
Test,1.4768,1.4629439
Test,1.4768,1.4678428
Test,1.4768,1.4715312
Test,1.4768,1.4643941
Test,1.4768,1.4547238
Test,1.4768,1.4547472
Test,1.4768,1.466967
Test,1.4768,1.5033102
Test,1.4768,1.5542471
Test,1.519,1.6311707
Test,1.619,1.718348
Test,1.719,1.8151171
Test,1.819,1.9054401
Test,1.919,2.005206
Test,2.019,2.1111858
Test,2.119,2.2265797
Test,2.2331,2.3965828
Test,2.4331,2.6940303
Test,3.0062,3.1633644
Test,3.7043,3.7563214
Test,4.5043,4.418731
Test,5.3043,5.248064
Test,6.1043,6.1019554
Test,6.9043,6.9417105
Test,7.7043,7.7641
Test,8.5043,8.621422
Test,9.3043,9.446598
Test,10.1043,10.236647
Test,10.9043,11.031343
Test,11.7043,11.86576
Test,12.6,12.753182
Test,13.5,13.673846
Test,14.4,14.644501
Test,15.3,15.535411
Test,16.2,16.448755
Test,17.1,17.401602
Test,1.4768,1.4515256
Test,1.4768,1.4540812
Test,1.4768,1.4520806
Test,1.4768,1.4477624
Test,1.4768,1.4502302
Test,1.4768,1.4608737
Test,1.4768,1.4661335
Test,1.4768,1.4704859
Test,1.4768,1.4736592
Test,1.4768,1.4718393
Test,1.4768,1.467648
Test,1.4768,1.4697114
Test,1.4768,1.4853503
Test,1.4768,1.5136322
Test,1.519,1.5725313
Test,1.619,1.6580182
Test,1.719,1.7667879
Test,1.819,1.8704582
Test,1.919,1.9719397
Test,2.019,2.0886974
Test,2.119,2.2229805
Test,2.3336,2.4482615
Test,2.8169,2.8119836
Test,3.4169,3.356439
Test,4.0169,3.95862
Test,4.6169,4.613889
Test,5.3044,5.325859
Test,6.1044,6.1441507
Test,6.9044,6.9536614
Test,7.7044,7.670449
Test,8.5044,8.406725
Test,9.3044,9.223813
Test,10.1044,10.026604
Test,10.9044,10.799787
Test,11.7044,11.586141
Test,12.6001,12.437814
Test,13.5001,13.349432
Test,14.4001,14.286129
Test,15.3001,15.143535
Test,16.2001,16.020247
Test,17.1001,16.960901
Test,0.119,0.16432068
Test,0.219,0.24456099
Test,0.319,0.32397667
Test,0.419,0.39716762
Test,0.519,0.50665915
Test,0.619,0.6215317
Test,0.719,0.7154177
Test,0.819,0.80816233
Test,0.919,0.8955147
Test,1.019,0.9896234
Test,1.119,1.0905169
Test,1.219,1.1922897
Test,1.319,1.3018693
Test,1.419,1.4169542
Test,1.519,1.5221771
Test,1.619,1.6209031
Test,1.719,1.7292398
Test,1.819,1.8280994
Test,1.919,1.9163612
Test,2.019,1.9924265
Test,2.119,2.050961
Test,2.219,2.1414428
Test,2.319,2.273682
Test,2.419,2.433329
Test,2.519,2.6246324
Test,2.619,2.862001
Test,2.8964,3.1619365
Test,3.6964,3.7447042
Test,4.4964,4.5222898
Test,5.2964,5.331682
Test,6.0964,6.122055
Test,6.8964,6.8975534
Test,7.6964,7.730387
Test,8.4964,8.5717125
Test,9.3225,9.434801
Test,10.2225,10.320723
Test,11.1225,11.172259
Test,12.0225,12.049352
Test,12.9225,12.92266
Test,13.8225,13.870633
Test,14.7225,14.821568
Test,0.9495,0.9106252
Test,1.0495,1.0120143
Test,1.1495,1.111547
Test,1.2495,1.2136631
Test,1.3495,1.3191714
Test,1.4495,1.4319912
Test,1.5495,1.5369262
Test,1.6495,1.6381803
Test,1.7495,1.730835
Test,1.8495,1.8229167
Test,1.9495,1.9224483
Test,2.0495,2.0223505
Test,2.1495,2.1351056
Test,2.2495,2.2388852
Test,2.3495,2.3378913
Test,2.4495,2.4284997
Test,2.5495,2.52936
Test,2.6495,2.6702151
Test,2.9058,2.9218428
Test,3.2058,3.2043352
Test,3.5058,3.4917545
Test,3.8058,3.8064718
Test,4.1058,4.1198077
Test,4.4058,4.462789
Test,4.7058,4.7888904
Test,5.0058,5.221289
Test,5.5967,5.8072042
Test,6.3967,6.550412
Test,7.1967,7.320385
Test,7.9967,8.052771
Test,8.7967,8.875961
Test,9.5967,9.6857815
Test,10.3967,10.505918
Test,11.1967,11.35938
Test,12.0228,12.218258
Test,12.9228,13.0975065
Test,13.8228,13.96977
Test,14.7228,14.889426
Test,15.6228,15.803533
Test,16.5228,16.640614
Test,17.4228,17.496244
Test,1.4768,1.4398539
Test,1.4768,1.4462878
Test,1.4768,1.4452621
Test,1.4768,1.4371911
Test,1.4768,1.445329
Test,1.4768,1.466471
Test,1.4768,1.4751635
Test,1.4768,1.4867035
Test,1.4768,1.487257
Test,1.4768,1.4903466
Test,1.4768,1.4911304
Test,1.4876,1.5072978
Test,1.5876,1.542255
Test,1.6876,1.5985818
Test,1.7876,1.6871268
Test,1.8876,1.8193704
Test,1.9876,1.9496089
Test,2.0876,2.0792825
Test,2.3439,2.2593312
Test,2.6439,2.470074
Test,2.9439,2.8038745
Test,3.2439,3.1390338
Test,3.5439,3.475778
Test,3.8439,3.9067736
Test,4.1816,4.3750477
Test,4.7644,4.9397354
Test,5.5644,5.6339607
Test,6.3644,6.419439
Test,7.1644,7.2051144
Test,7.9644,7.9389105
Test,8.7644,8.741256
Test,9.5644,9.546864
Test,10.3644,10.335909
Test,11.1644,11.118162
Test,11.9644,11.899379
Test,12.7644,12.698634
Test,13.5644,13.494523
Test,14.3644,14.318905
Test,15.1644,15.171817
Test,15.9818,16.051226
Test,16.8818,16.905518
Test,1.4768,1.4622686
Test,1.4768,1.4655687
Test,1.4768,1.4648793
Test,1.4768,1.4580652
Test,1.4768,1.4619309
Test,1.4768,1.4738452
Test,1.4768,1.4708664
Test,1.4768,1.4686536
Test,1.4768,1.4554104
Test,1.4768,1.450585
Test,1.4768,1.4435827
Test,1.4768,1.4468688
Test,1.4768,1.467519
Test,1.4768,1.4981198
Test,1.519,1.5572869
Test,1.619,1.6467117
Test,1.719,1.7369714
Test,1.819,1.8256537
Test,1.919,1.9277064
Test,2.019,2.0364046
Test,2.119,2.1855466
Test,2.3336,2.4005628
Test,2.7336,2.7218885
Test,3.1643,3.1860383
Test,3.9643,3.7742143
Test,4.7643,4.53211
Test,5.5643,5.3524446
Test,6.3643,6.2017674
Test,7.1643,7.0919333
Test,7.9643,7.8697996
Test,8.7643,8.649119
Test,9.5643,9.441966
Test,10.3643,10.2349
Test,11.1643,11.010584
Test,11.9643,11.768938
Test,12.7643,12.513778
Test,13.5643,13.292843
Test,14.3643,14.100173
Test,15.1643,14.922187
Test,15.9817,15.799607
Test,16.8817,16.658339
Test,0.119,0.18157974
Test,0.219,0.24884203
Test,0.319,0.31885496
Test,0.419,0.4074529
Test,0.519,0.52397335
Test,0.619,0.6138302
Test,0.719,0.70824045
Test,0.819,0.80606997
Test,0.919,0.8945953
Test,1.019,0.98315156
Test,1.119,1.0798973
Test,1.219,1.1807109
Test,1.319,1.29056
Test,1.419,1.4027535
Test,1.519,1.51104
Test,1.619,1.6112682
Test,1.719,1.7009794
Test,1.819,1.7982146
Test,1.919,1.8992158
Test,2.019,1.9980403
Test,2.119,2.098473
Test,2.219,2.195037
Test,2.319,2.3193994
Test,2.419,2.503458
Test,2.519,2.7727103
Test,2.619,3.086892
Test,3.1867,3.546618
Test,3.9867,4.2291536
Test,4.7867,5.047467
Test,5.5867,5.893677
Test,6.3867,6.7184563
Test,7.1867,7.50781
Test,7.9867,8.293702
Test,8.7867,9.046365
Test,9.5867,9.822804
Test,10.3867,10.610375
Test,11.1867,11.382685
Test,11.9867,12.173467
Test,12.7867,12.9611435
Test,13.6041,13.80637
Test,14.5041,14.706965
Test,1.4768,1.4320196
Test,1.4768,1.4333373
Test,1.4768,1.429067
Test,1.4768,1.4356322
Test,1.4768,1.4493785
Test,1.4768,1.4618365
Test,1.4768,1.4755199
Test,1.4768,1.4833971
Test,1.4768,1.4810846
Test,1.4768,1.4808575
Test,1.4768,1.4857093
Test,1.4876,1.4922462
Test,1.5876,1.5297548
Test,1.6876,1.5855969
Test,1.7876,1.677094
Test,1.8876,1.8104702
Test,1.9876,1.9369355
Test,2.0876,2.0726042
Test,2.3439,2.2588274
Test,2.6439,2.5015945
Test,2.9439,2.8557377
Test,3.2439,3.2180135
Test,3.5439,3.5767882
Test,3.8439,4.037213
Test,4.1917,4.5229707
Test,4.7646,5.154214
Test,5.5646,5.8723664
Test,6.3646,6.6367655
Test,7.1646,7.4086566
Test,7.9646,8.1638775
Test,8.7646,8.973441
Test,9.5646,9.769671
Test,10.3646,10.528939
Test,11.1646,11.293246
Test,11.9646,12.0691595
Test,12.7646,12.867388
Test,13.5646,13.658999
Test,14.3646,14.491326
Test,15.1646,15.342784
Test,15.982,16.229982
Test,16.882,17.105415
Test,0.9495,0.9031286
Test,1.0495,1.0051712
Test,1.1495,1.1022828
Test,1.2495,1.2117414
Test,1.3495,1.3239119
Test,1.4495,1.4349997
Test,1.5495,1.5456301
Test,1.6495,1.6478469
Test,1.7495,1.7425147
Test,1.8495,1.840718
Test,1.9495,1.9375557
Test,2.0495,2.0284598
Test,2.1495,2.1289759
Test,2.2495,2.2234278
Test,2.3495,2.321836
Test,2.4495,2.412328
Test,2.5495,2.494944
Test,2.6495,2.631791
Test,2.9058,2.8435073
Test,3.2058,3.126373
Test,3.5058,3.4439766
Test,3.8058,3.7718074
Test,4.1058,4.0987906
Test,4.4058,4.442087
Test,4.7058,4.8037243
Test,5.087,5.346779
Test,5.887,6.1124907
Test,6.687,6.8927794
Test,7.487,7.6655173
Test,8.287,8.456278
Test,9.087,9.281383
Test,9.887,10.104031
Test,10.687,10.894886
Test,11.487,11.670734
Test,12.287,12.449711
Test,13.087,13.244311
Test,13.887,14.047579
Test,14.687,14.888402
Test,15.487,15.729367
Test,16.3044,16.550547
Test,17.2044,17.366854
Test,0.96,0.9400594
Test,0.96,0.93425095
Test,0.96,0.92716503
Test,0.96,0.9234742
Test,0.96,0.9279989
Test,0.96,0.93666375
Test,0.96,0.93969584
Test,0.96,0.9464015
Test,0.96,0.9752201
Test,1.019,1.037126
Test,1.119,1.149397
Test,1.219,1.2672609
Test,1.319,1.387273
Test,1.419,1.5092427
Test,1.519,1.6287869
Test,1.619,1.7573818
Test,1.719,1.8871692
Test,1.819,2.0234015
Test,1.919,2.1735559
Test,2.019,2.2968822
Test,2.1304,2.4083817
Test,2.5304,2.5327513
Test,2.9304,2.7108488
Test,3.3304,3.092662
Test,3.7681,3.6223078
Test,4.2681,4.2769456
Test,5.0909,5.0662
Test,5.9909,5.965641
Test,6.8909,6.9357786
Test,7.7909,7.864236
Test,8.6909,8.790114
Test,9.5909,9.695682
Test,10.4909,10.578901
Test,11.3909,11.4717
Test,12.2909,12.385339
Test,13.2866,13.361563
Test,14.2866,14.359157
Test,15.2866,15.386722
Test,16.2866,16.399307
Test,17.2866,17.398577
Test,18.2866,18.39017
Test,1.4768,1.461475
Test,1.4768,1.460676
Test,1.4768,1.462104
Test,1.4768,1.4662997
Test,1.4768,1.4719379
Test,1.4768,1.4707495
Test,1.4768,1.4677404
Test,1.4768,1.4784153
Test,1.4855,1.5113903
Test,1.5855,1.6053195
Test,1.6855,1.7107532
Test,1.7855,1.8019586
Test,1.8855,1.9128648
Test,1.9855,2.0230355
Test,2.0855,2.1268392
Test,2.1855,2.241528
Test,2.2855,2.3640652
Test,2.3855,2.505692
Test,2.6418,2.792751
Test,2.9418,3.1071684
Test,3.2418,3.4422543
Test,3.5418,3.8295276
Test,4.2256,4.297286
Test,4.9256,4.912364
Test,5.6256,5.6134677
Test,6.3256,6.394734
Test,7.1131,7.23989
Test,8.0131,8.114818
Test,8.9131,8.983973
Test,9.8131,9.843132
Test,10.7131,10.767051
Test,11.6131,11.692249
Test,12.5131,12.577276
Test,13.4131,13.447804
Test,14.3131,14.346098
Test,15.3088,15.297378
Test,16.3088,16.28979
Test,17.3088,17.289484
Test,18.3088,18.256887
Test,19.3088,19.28194
Test,20.3088,20.329826
Test,0.96,0.9252467
Test,0.96,0.916105
Test,0.96,0.9079374
Test,0.96,0.9030912
Test,0.96,0.91199726
Test,0.96,0.921787
Test,0.96,0.9243313
Test,0.96,0.9287796
Test,0.96,0.95305574
Test,1.019,1.0175328
Test,1.119,1.1233126
Test,1.219,1.2259188
Test,1.319,1.3285805
Test,1.419,1.4202482
Test,1.519,1.5031329
Test,1.619,1.5923537
Test,1.719,1.6759483
Test,1.819,1.7623882
Test,1.919,1.8471528
Test,2.019,1.9354388
Test,2.119,2.0331511
Test,2.219,2.161343
Test,2.319,2.423201
Test,2.9035,2.916009
Test,3.6035,3.5974195
Test,4.3035,4.37943
Test,5.091,5.191757
Test,5.991,6.0568333
Test,6.891,6.9835553
Test,7.791,7.86837
Test,8.691,8.765832
Test,9.591,9.675895
Test,10.491,10.561622
Test,11.391,11.45439
Test,12.291,12.381231
Test,13.2867,13.36335
Test,14.2867,14.35796
Test,15.2867,15.372947
Test,16.2867,16.399996
Test,17.2867,17.388557
Test,18.2867,18.374344
Test,0.96,0.8950175
Test,0.96,0.8917141
Test,0.96,0.88527966
Test,0.96,0.8769643
Test,0.96,0.88473135
Test,0.96,0.92153525
Test,1.0129,0.9557079
Test,1.1129,0.99420846
Test,1.2129,1.0514449
Test,1.3129,1.1230475
Test,1.4129,1.2323691
Test,1.5129,1.3734804
Test,1.6129,1.5228316
Test,1.7129,1.6762198
Test,1.8129,1.8358139
Test,1.9129,2.0173678
Test,2.0129,2.2035427
Test,2.14,2.4492114
Test,2.5963,2.764712
Test,3.0963,3.1755836
Test,3.5963,3.587568
Test,4.0963,4.0009995
Test,4.5963,4.3985987
Test,5.0963,4.835688
Test,5.5963,5.2682943
Test,6.0963,5.759858
Test,6.5963,6.26792
Test,7.0963,6.8238134
Test,7.5963,7.469343
Test,8.0963,8.082637
Test,8.6607,8.778545
Test,9.5607,9.590432
Test,10.4607,10.423232
Test,11.3607,11.309106
Test,12.2868,12.220567
Test,13.2868,13.1423025
Test,14.2868,14.096482
Test,15.2868,15.073937
Test,16.2868,16.050638
Test,17.2868,17.038456
Test,18.2868,17.917278
Test,1.4768,1.4426299
Test,1.4768,1.4434592
Test,1.4768,1.4641125
Test,1.4768,1.4769608
Test,1.4768,1.4850255
Test,1.4768,1.487885
Test,1.4768,1.4912186
Test,1.4768,1.5051184
Test,1.4855,1.5365576
Test,1.5855,1.6248606
Test,1.6855,1.7306188
Test,1.7963,1.8435601
Test,1.9963,2.001282
Test,2.1963,2.1610355
Test,2.3963,2.3105645
Test,2.5963,2.4612343
Test,2.7963,2.6390176
Test,2.9963,2.897488
Test,3.3526,3.2184477
Test,3.7526,3.5618322
Test,4.1526,3.9024527
Test,4.5526,4.287352
Test,4.9526,4.6974874
Test,5.3526,5.1709504
Test,5.7526,5.806609
Test,6.4732,6.546055
Test,7.3732,7.394148
Test,8.2732,8.266691
Test,9.1732,9.146021
Test,10.0732,10.004386
Test,10.9732,10.881066
Test,11.8732,11.796607
Test,12.7732,12.725378
Test,13.6732,13.645779
Test,14.5732,14.525222
Test,15.4732,15.411698
Test,16.3732,16.322536
Test,17.2732,17.244102
Test,18.1732,18.17473
Test,19.0906,19.085829
Test,20.0906,20.003107
Test,0.96,0.96595454
Test,0.96,0.9576944
Test,0.96,0.9580445
Test,0.96,0.9489502
Test,0.96,0.9472898
Test,0.96,0.94418776
Test,0.96,0.9407226
Test,0.96,0.9460989
Test,0.96,0.96560085
Test,1.019,1.0155488
Test,1.119,1.1068809
Test,1.219,1.2030987
Test,1.319,1.2969546
Test,1.419,1.3840503
Test,1.519,1.457815
Test,1.619,1.5363884
Test,1.719,1.6204448
Test,1.819,1.708036
Test,1.919,1.8023757
Test,2.019,1.9026586
Test,2.119,2.004305
Test,2.219,2.11978
Test,2.319,2.310349
Test,2.6509,2.7517586
Test,3.5509,3.565462
Test,4.4509,4.453991
Test,5.3509,5.348634
Test,6.2509,6.257592
Test,7.1509,7.1685367
Test,8.0509,8.041808
Test,8.9509,8.905602
Test,9.8509,9.812629
Test,10.7509,10.714971
Test,11.6509,11.620212
Test,12.5509,12.516047
Test,13.4509,13.437013
Test,14.3509,14.350482
Test,15.2509,15.267071
Test,16.1509,16.158642
Test,17.0683,17.09619
Test,18.0683,18.10636
Test,0.96,0.9666697
Test,0.96,0.95830154
Test,0.96,0.957857
Test,0.96,0.9477538
Test,0.96,0.9451418
Test,0.96,0.94172275
Test,0.96,0.937412
Test,0.96,0.9391078
Test,0.96,0.9543897
Test,1.019,1.0038152
Test,1.119,1.0949641
Test,1.219,1.190801
Test,1.319,1.2876401
Test,1.419,1.3766954
Test,1.519,1.4570768
Test,1.619,1.5435448
Test,1.719,1.6286359
Test,1.819,1.7177683
Test,1.919,1.8068249
Test,2.019,1.9030735
Test,2.119,2.0005133
Test,2.219,2.121018
Test,2.319,2.315519
Test,2.6509,2.7449865
Test,3.5509,3.5455956
Test,4.4509,4.429315
Test,5.3509,5.334302
Test,6.2509,6.240685
Test,7.1509,7.151949
Test,8.0509,8.010805
Test,8.9509,8.871987
Test,9.8509,9.759042
Test,10.7509,10.666844
Test,11.6509,11.580525
Test,12.5509,12.463186
Test,13.4509,13.368474
Test,14.3509,14.269485
Test,15.2509,15.182252
Test,16.1509,16.06862
Test,17.0683,17.006151
Test,18.0683,18.023844
Test,0.96,0.93552387
Test,0.96,0.94530153
Test,0.96,0.9428495
Test,0.96,0.9416169
Test,0.96,0.94586384
Test,0.96,0.95721066
Test,0.96,0.964193
Test,0.96,0.97172606
Test,0.96,0.9926131
Test,1.019,1.0550069
Test,1.119,1.1593394
Test,1.219,1.2812475
Test,1.319,1.4043437
Test,1.419,1.5189847
Test,1.519,1.6274939
Test,1.619,1.7524124
Test,1.719,1.8828406
Test,1.819,2.0183372
Test,1.919,2.142835
Test,2.019,2.2762465
Test,2.1304,2.406189
Test,2.5304,2.5918217
Test,2.9304,2.859796
Test,3.3304,3.2683408
Test,3.7782,3.9210844
Test,4.4511,4.6713676
Test,5.3511,5.4941473
Test,6.2511,6.428524
Test,7.1511,7.367184
Test,8.0511,8.241364
Test,8.9511,9.12452
Test,9.8511,10.03294
Test,10.7511,10.94168
Test,11.6511,11.8468075
Test,12.5511,12.754824
Test,13.4511,13.670968
Test,14.3511,14.555546
Test,15.2511,15.42665
Test,16.1511,16.302477
Test,17.0685,17.23809
Test,18.0685,18.24573
Test,0.96,0.90262306
Test,0.96,0.910648
Test,0.96,0.9022273
Test,0.96,0.87945014
Test,0.96,0.88645077
Test,0.96,0.9297528
Test,1.0129,0.9708537
Test,1.1129,1.0141231
Test,1.2129,1.0778972
Test,1.3129,1.1612297
Test,1.4129,1.2841516
Test,1.5129,1.4376501
Test,1.6129,1.5913521
Test,1.7129,1.7360452
Test,1.8129,1.8854202
Test,1.9129,2.0595965
Test,2.0129,2.2430496
Test,2.14,2.473416
Test,2.5963,2.7924736
Test,3.0963,3.2022047
Test,3.5963,3.6048174
Test,4.0963,4.006601
Test,4.5963,4.420966
Test,5.0963,4.8821063
Test,5.5963,5.3813777
Test,6.0963,5.920905
Test,6.5963,6.471829
Test,7.0963,7.086731
Test,7.5963,7.7724004
Test,8.0963,8.403566
Test,8.951,9.200062
Test,9.851,10.034909
Test,10.751,10.879731
Test,11.651,11.728841
Test,12.551,12.5946245
Test,13.451,13.480021
Test,14.351,14.378198
Test,15.251,15.262713
Test,16.151,16.139479
Test,17.0684,17.046375
Test,18.0684,17.928604
